url,title,member,originalSha256,defaultProtection,rows,numericParameters,archiveSha256
https://www.ercot.com/files/docs/2025/12/31/2026-TDSP-Distribution-Loss-Factors-Methodology.zip,2026 TDSP Distribution Loss Factors - Methodology,2026 TDSP Distribution Loss Factors - Methodology/ERCOT_DLF_Summary_2026.xlsx,cb1884670c350ad25045a881e08d2815eb7e449d5019d13c00ae5b7385d51f8e,False,17,51,3419c47b2dca269f1a472c8e62663078218b2f64e4515f8f063771d032286d7e
https://www.ercot.com/files/docs/2024/12/12/2025-tdsp-distribution-loss-factors-methodology.zip,2025 TDSP Distribution Loss Factors - Methodology,2025 TDSP Distribution Loss Factors - Methodology/ERCOT_DLF_Summary_2025.xlsx,87d7439dc028b4946ec086e54584887dd4ab72bdab314a542493a97436068049,False,17,51,040c1ed36b118419adba3d700b82290d133d777932ab14e64721443eab97f611
https://www.ercot.com/files/docs/2024/01/19/2024%20(Mar%20-%20Dec)%20TDSP%20Distribution%20Loss%20Factors%20-%20Methodology.zip,2024 (Mar - Dec) TDSP Distribution Loss Factors - Methodology,ERCOT_DLF_Summary_2024 (Mar - Dec).xlsx,7f681b462c4603ba3d0f61fa01828b1dc78310659d6306bc296b2af83790707d,False,17,51,ace3d66fb19744849f65d806c450bb5500373a1d6e45a123200ac86c5eac0011
https://www.ercot.com/files/docs/2024/01/22/2024%20(Jan%20-%20Feb)%20TDSP%20Distribution%20Loss%20Factors%20-%20Methodology.zip,2024 (Jan - Feb) TDSP Distribution Loss Factors - Methodology,ERCOT_DLF_Summary_2024 (Jan - Feb).xlsx,7c577a7ae312e38110d3b1402ae6137f12a4f6f70f2f1c1a4d4df2770999dc6e,False,15,45,4bb584066e6883aeab3a0550986f88b1b6f8bb4b58dcc8883a8d23abb274c101
https://www.ercot.com/files/docs/2022/12/15/2023%20TDSP%20Distribution%20Loss%20Factors%20-%20Methodology.zip,2023 TDSP Distribution Lost Factors - Methodology,ERCOT_DLF_Summary_2023.xlsx,0556c6b70d02085e23b77a10d547997aadc7dfd9d0000fffba5c2cb10b8bb82e,False,15,45,4207ec55d5a29cb0f6ede65f2b735abe13db8f9c46a3c057cb912fde93ca95cc
https://www.ercot.com/files/docs/2021/12/22/2022_TDSP_Distribution_Loss_Factors_Methodology.zip,2022 TDSP Distribution Loss Factors Methodology,ERCOT_DLF_Summary_2022.xls,f254588da336cd7f0f96f7a25bc3405fe62b8cb6e29d5a1a9f485c2c77cfafe3,False,15,45,3f5906c48d6f3a85f392ff6ad79e6403fa6cfbe9b8afda2f12a618a3b9f4c11a
https://www.ercot.com/files/docs/2020/12/17/2021_TDSP_Distribution_Loss_Factors_Methodology.zip,2021 TDSP Distribution Loss Factors Methodology,ERCOT_DLF_Summary_2021.xls,e323c86f568be12096c0575dc03af5a99518420a60e6d3626be74902164a1a9b,True,15,45,9958093652bd49b0cc693c204b81c9a89d29f132406ca3f173fea38e69f8be32
https://www.ercot.com/files/docs/2019/12/05/2020_TDSP_Distribution_Loss_Factors_-_Methodology.zip,2020 TDSP Distribution Loss Factors Methodology,ERCOT_DLF_Summary_2020.xls,32eb62c39fa4d715569dc6c6ad03395e59352e348bc7746011eb4383f1b3114e,True,15,45,40c13647c506e00e405eba056a2fcf841a3916fc4742e419e35745944c5dd62e
https://www.ercot.com/files/docs/2018/12/19/2019_TDSP_Distribution_Loss_Factors_-_Methodology.zip,2019 TDSP Distribution Loss Factors - Methodology,ERCOT_DLF_Summary_2019.xls,07914383669ce5d3290597744e7900d1b7f5fce85053f783801f721137993197,True,15,45,5e7b40b73625f5aba6c7ad92492a5b6142c3f6887170c36c06002f5be4713fff
https://www.ercot.com/files/docs/2017/12/19/2018_TDSP_Distribution_Loss_Factors_-_Methodology.zip,2018 TDSP Distribution Loss Factors - Methodology,ERCOT_DLF_Summary_2018.xls,c2bb32b53e244b375e02b6b743c672f036176f374be8ebf02e67621ab6ad902b,True,21,63,ffc5da45188bfd5cec9f6c789dd6a19a9f7c43c1361135e244cbd6d961b4af26
https://www.ercot.com/files/docs/2016/12/22/2017_TDSP_Distribution_Loss_Factors_-_Methodology.zip,2017 TDSP Distribution Loss Factors - Methodology,ERCOT_DLF_Summary_2017.xls,0a83770da5c800e3f0c972fbe980ca96afaab6a6027eed16351853a337f0e06c,True,21,63,69a4d74381b394724173e69169db0d2ab19443bc3b3aa8b0c7136235635d8823
https://www.ercot.com/files/docs/2015/12/21/2016_tdsp_distribution_loss_factors___methodology.zip,2016 TDSP Distribution Loss Factors - Methodology,ERCOT_DLF_Summary_2016.xls,97b23b6fe244c465b78488cf524b6d289a5abc587ced6a88fe30d06bd136cd13,True,19,57,b32fd1c032312eb221a20a3d19c1826d956a32c2f4026463dc2b5e53d92de1d4
https://www.ercot.com/files/docs/2014/11/19/2015_tdsp_distribution_loss_factors___methodology.zip,2015 TDSP Distribution Loss Factors - Methodology,ERCOT_DLF_Summary_2015.xls,9065d2314666be468992645b9d1fe82b7bc99937bb45a6214c70723cd6923f27,True,19,57,9f826796a3f5ce8c0d9ced69321454348fb26920d26c5a130e87947dbc576122
https://www.ercot.com/files/docs/2013/12/26/2014_tdsp_distribution_loss_factors___methodology.zip,2014 TDSP Distribution Loss Factors - Methodology,ERCOT_DLF_Summary_2014.xls,7c9b3ec487c617eca4a7860835729694875cbe056a4bd129342851542ecaa7d9,True,19,57,68070532690e0b29e3fd7237739d0e60da20d92e1b567d20567917536d459fbf
https://www.ercot.com/files/docs/2012/12/19/2013_tdsp_distribution_loss_factors___methodology.zip,2013 TDSP Distribution Loss Factors - Methodology,ERCOT_DLF_Summary_2013.xls,a3bb5a684585f9ae9b6ad41d3d56754dd8b959fbb92ff0b77c4cfa87152306d9,True,16,48,901a4cb1b9ea269463dfc842573e532d2930b81b2f2a132f4c069291701f402f
https://www.ercot.com/files/docs/2012/02/21/2012_tdsp_distribution_loss_factors___methodology.zip,2012 TDSP Distribution Loss Factors - Methodology,ERCOT_DLF_Summary_2012.xls,386680cc842dd19d1cfb064fe2b7fbc0ccef9f671b8e0512166f280857305d29,True,16,48,65bab9dcc0ab23a8610163157f8c552f4f05e3fe17f39209909a67bea0c2a384
https://www.ercot.com/files/docs/2010/11/12/2011_tdsp_distribution_loss_factors___methodology.zip,2011 TDSP Distribution Loss Factors - Methodology,ERCOT_DLF_Summary_2011.xls,ce5ef92930acee19dec0213f0a9c3fd9846c28e331d7cf0f3d0d8c98b248637f,True,16,48,0aac784f1c046d014a40fc0d8762e1da9bf491dcfad79cfd8dda24d7ff96b6aa
https://www.ercot.com/files/docs/2009/11/17/ercot_dlf_posting_for_2010.zip,2010 TDSP Distribution Loss Factors - Methodology,ERCOT_DLF_Summary_2010.xls,99d7feccea1e571941bf2d7c2ccc5be70622f3980b9bf0ec4ae3b23bfcad9345,False,16,48,767906128c18abbc6b4fcb6abaf18ad5d14897ff3ac595027a3b8287511fce9f
https://www.ercot.com/files/docs/2009/10/19/ercot_dlf_posting_for_2009.zip,2009 TDSP Distribution Loss Factors - Methodology,ERCOT_DLF_Summary_2009.xls,eb5fa5149d031c898f4366f621641f2f5953ebcd28822de0a076b1589d5864a3,True,16,48,bee58dde1809c96fc13e2387c3b84f04974493285a039d5749e64980377f1787
https://www.ercot.com/files/docs/2009/10/19/ercot_dlf_posting_for_2008.zip,2008 TDSP Distribution Loss Factors - Methodology,ERCOT DLF Posting for 2008/ERCOT_DLF_Summary_2008.xls,61bddbeedfb551ce567de106933c8cc3d3ed9af7a190c5273c30220e26093007,True,16,48,59aa78b149d57b8de03d6e964f629cac88aec18fcbc601bd3e81c964bd50e3bd
https://www.ercot.com/files/docs/2009/10/21/ercot_dlf_posting_for_2007_may_dec.zip,2007 TDSP Distribution Loss Factors - Methodology (May - Dec),DLF's for 2007 May-Dec/ERCOT/ERCOT_DLF_Summary_2007.xls,e96916e230b0488c84b42a7c64491cb1ba9933fdbd662953e4646212b92ca163,False,16,48,5c9bc024fa98898eac3076d76335170f9be41b73a1b8af10b14d57c54645c865
https://www.ercot.com/files/docs/2009/10/19/ercot_dlf_posting_for_2007.zip,2007 TDSP Distribution Loss Factors - Methodology (Jan - Apr),DLF 2007 posting 12-11-06/ERCOT_DLF_Summary_2007.xls,99ea14f9a9f672502a8aef4002d8fe2630bcf2d04f56d3d4e3112dc261d96130,True,18,54,92205a78dd43a5a0d97840eaed0fc7c088f046977b2101d9f1e02c47efbf99de
https://www.ercot.com/files/docs/2009/10/19/ercot_dlf_posting_for_2006.zip,2006 TDSP Distribution Loss Factors - Methodology,ERCOT_DLF_Summary_2006.xls,28baef1af49c91abb0c76d0437e2ec8404fd24a36c79bc539b081cc3bc874cae,True,18,54,461b2ea75e0b79304f798bc9ef7a02dfb71db14cbd83524833dddaf123799dc8
https://www.ercot.com/files/docs/2009/10/19/ercot_dlf_posting_for_2005.zip,2005 TDSP Distribution Loss Factors - Methodology,ERCOT_DLF_Summary_2005.xls,01d03b43150b954abfaa7a2e1e02f936cc6143780ae53280a863cda02479be3a,True,18,54,67ad45f65f942142b1b90c48896adb88450a7d065ebf1bd281d11c7c1ddb59ad
https://www.ercot.com/files/docs/2009/10/19/ercot_dlf_posting_for_2004.zip,2004 TDSP Distribution Loss Factors - Methodology,ERCOT_DLF_Summary_2004.xls,4e2709c949713f6da57318b65a9304051b32c4e16343e0b14affe59f4b6a390b,True,16,48,cd5a36e71ce45a8761a433e65e811fe3b8c55f4cc3f1c947c96bd696adb098fd
https://www.ercot.com/files/docs/2009/10/19/ercot_dlf_posting_for_2003.zip,2003 TDSP Distribution Loss Factors - Methodology,ERCOT_DLF_Summary_2003 .xls,098b2df6dd29f21447e07ddaca98ee3c9cfda7fbd0f120e4f320a7731b987fe8,False,15,45,d14e8e5fc5d6bcc8de0152ccf0e4156630bc1b9c9314f63e607a30168772f79e
https://www.ercot.com/files/docs/2009/10/19/ercot_dlf_posting_for_2002.zip,2002 TDSP Distribution Loss Factors - Methodology,ERCOT_DLF_Summary_2002.xls,3b2e6dda7ac01b13323ef27e18e3dc96ccf5cd629d6c8f535f47de1abae1276b,False,15,45,d78ace036a36abc09cd744a00e187cf15b9552adca941006cd9acbde8bcc886f
https://www.ercot.com/files/docs/2009/10/19/ercot_dlf_posting_for_2001.zip,2001 TDSP Distribution Loss Factors - Methodology,ERCOT_DLF_Summary_2001.xls,1ac334cf5d72254b72b87243e3d77e3a01b50ce54dcdaced57f9615d70cafcff,False,14,42,ed10cedcb7ca44291837032c0c616d0616023b2e1b97c1e1916f9193d773e7e5
