indexUrl,title,url,sha256,bytes,rows,numericCells,blankCells,firstDay,lastDay,uniqueDays
https://www.ercot.com/mktinfo/data_agg,Historical Loss Factors_2026-01-01_thru_2026-07-31_20260706,https://www.ercot.com/files/docs/2025/02/14/Historical-Loss-Factors_2026-01-01_thru_2026-07-31_20260805.xlsx,699b6352cfc89f21350f1ada55093e6f195de0135545c9e9fff9e12dc68c3eb6,6399890,7632,732528,30672,2026-01-01,2026-07-31,212
https://www.ercot.com/mktinfo/data_agg/2001,2001 TDSP Transmission Loss Factors - Actual,https://www.ercot.com/files/docs/2004/05/20/2001_historical_actual_losses.zip,d625b829068458d96450877841fad46f5a92e087bc85ce348ff5e3b01e611de6,143290,154,14788,0,2001-07-31,2001-12-31,154
https://www.ercot.com/mktinfo/data_agg/2001,2001 TDSP Distribution Loss Factors - Forecasted,https://www.ercot.com/files/docs/2004/05/20/2001_historical_distribution_loss_factors.zip,67d1431f611fd8dbe00eb3132327699de0c063fc32d60cb60d76f45879a7b085,1713214,2156,207032,0,2001-07-31,2001-12-31,154
https://www.ercot.com/mktinfo/data_agg/2001,2001 TDSP Transmission Loss Factors - Forecasted,https://www.ercot.com/files/docs/2004/05/20/2001_historical_forecasted_losses.zip,3e2428ff77f7874ba514fc357ead36c51212572143c39d37426d2cfbb3cc5db6,87285,154,14788,0,2001-07-31,2001-12-31,154
https://www.ercot.com/mktinfo/data_agg/2002,2002 TDSP Transmission Loss Factors - Actual,https://www.ercot.com/files/docs/2004/05/20/2002_historical_actual_losses.zip,1568469678565a81978bab7a5c98f931e3ab847d0065b9172c7c5d4305391eca,248841,365,35040,4,2002-01-01,2002-12-31,365
https://www.ercot.com/mktinfo/data_agg/2002,2002 TDSP Distribution Loss Factors - Forecasted,https://www.ercot.com/files/docs/2004/05/20/2002_historical_distribution_loss_factors.zip,40b0ff91fb13e7ce367be436ea38f47d01beaa374753a577c90e47c36545f7b4,4372419,5475,525600,60,2002-01-01,2002-12-31,365
https://www.ercot.com/mktinfo/data_agg/2002,2002 TDSP Transmission Loss Factors - Forecasted,https://www.ercot.com/files/docs/2004/05/20/2002_historical_forecasted_losses.zip,9413f6c280aa39df69537c8f33c9346479d140e0d973ab4b1cd334b3e00f023a,146545,365,35040,4,2002-01-01,2002-12-31,365
https://www.ercot.com/mktinfo/data_agg/2003,2003 TDSP Transmission Loss Factors - Actual,https://www.ercot.com/files/docs/2004/05/20/2003_historical_actual_losses.zip,d120bfb796cc8d7c6f277e4baa1148b383653da91cc623fe6cf0b786fd6ee968,286549,365,35040,4,2003-01-01,2003-12-31,365
https://www.ercot.com/mktinfo/data_agg/2003,2003 TDSP Distribution Loss Factors - Forecasted,https://www.ercot.com/files/docs/2004/05/20/2003_historical_distribution_loss_factors.zip,8e1aaf7141614da1628748203fb989c7bdca31cae0e3c63ab7b31656c997be2e,4377476,5475,525600,60,2003-01-01,2003-12-31,365
https://www.ercot.com/mktinfo/data_agg/2003,2003 TDSP Transmission Loss Factors - Forecasted,https://www.ercot.com/files/docs/2004/05/20/2003_historical_forecasted_losses.zip,4c221de23161c31dbe8bb2d43cede786245d1bd7ebc54a92aa29066fd39d818c,152576,365,35040,4,2003-01-01,2003-12-31,365
https://www.ercot.com/mktinfo/data_agg/2004,2004 TDSP Transmission Loss Factors - Actual,https://www.ercot.com/files/docs/2005/02/01/2004_historical_actual_losses.zip,ac338eb24388a8ac2b7f3519f1a0c9d4af9ffd96c1884256d9e73a941a33be12,275605,366,35136,4,2004-01-01,2004-12-31,366
https://www.ercot.com/mktinfo/data_agg/2004,2004 TDSP Distribution Loss Factors - Forecasted,https://www.ercot.com/files/docs/2005/02/01/2004_historical_distribution_loss_factors.zip,3a8e97b4476be1ec792ecbc32074fe832cadfc380f59739aeefb4b013730a39f,4527627,5612,538756,60,2004-01-01,2004-12-31,366
https://www.ercot.com/mktinfo/data_agg/2004,2004 TDSP Transmission Loss Factors - Forecasted,https://www.ercot.com/files/docs/2005/02/01/2004_historical_forecasted_losses.zip,907a0bc471ec429ca6404d5aa2a002171965a8641d9c9e4f921042bea43aaaaa,155830,366,35136,4,2004-01-01,2004-12-31,366
https://www.ercot.com/mktinfo/data_agg/2005,2005 TDSP Distribution Loss Factors - Forecasted,https://www.ercot.com/files/docs/2006/02/07/dlf_for_2005.zip,d252659b980303e5ec241ed5fe76d5ae203ee1c1e9fc3965315729f014e72d61,5251957,6341,608740,68,2005-01-01,2005-12-31,365
https://www.ercot.com/mktinfo/data_agg/2005,2005 TDSP Transmission Loss Factors - Actual,https://www.ercot.com/files/docs/2006/02/07/tlf_actual_for_2005.zip,815d4760c97bc86c9581dce6a49831c0478eb8f299f67bcdad4a91f34e8a9290,278847,365,35040,4,2005-01-01,2005-12-31,365
https://www.ercot.com/mktinfo/data_agg/2005,2005 TDSP Transmission Loss Factors - Forecasted,https://www.ercot.com/files/docs/2006/02/07/tlf_forecasted_for_2005.zip,79ed85c0c32e83ffd06ecc8e7c2b93e9220b16a776a9eea7c30f62c22fbdf5ab,156356,365,35040,4,2005-01-01,2005-12-31,365
https://www.ercot.com/mktinfo/data_agg/2006,2006 TDSP Distribution Loss Factors - Forecasted,https://www.ercot.com/files/docs/2007/01/05/dlf_forecasted_for_2006.zip,7b65975a969d7baca0f7f3e9f63cdafa14aae628a215f755584b699a0f274d58,5445717,6570,630720,72,2006-01-01,2006-12-31,365
https://www.ercot.com/mktinfo/data_agg/2006,2006 TDSP Transmission Loss Factors - Actual,https://www.ercot.com/files/docs/2007/01/05/tlf_for_2006.zip,fa440af9cffb6a29da2efd760a310f024ffffaa61e3ba9c8c909f5af18a2be64,287404,365,35040,4,2006-01-01,2006-12-31,365
https://www.ercot.com/mktinfo/data_agg/2006,2006 TDSP Transmission Loss Factors - Forecasted,https://www.ercot.com/files/docs/2007/01/05/tlf_forecasted_for_2006.zip,ea423bc672063cc2b39a7351d5020b1e2bfad7150f753018534d3b097aa34cab,155919,365,35040,4,2006-01-01,2006-12-31,365
https://www.ercot.com/mktinfo/data_agg/2006,2006 TDSP Distribution Loss Factors - Actual,https://www.ercot.com/files/docs/2007/02/02/dlf_actual_for_2006.zip,c9214c6a6a3357ada6f4bf3f8efdbe4fd8267c5195ec02d23edcf0e695ec2acc,754332,450,43200,0,2006-12-07,2006-12-31,25
https://www.ercot.com/mktinfo/data_agg/2007,2007 TDSP Distribution Loss Factors - Actual,https://www.ercot.com/files/docs/2008/01/03/dlf_actual_for_2007.zip,172d71f214eab3d1717fa65081343b2a68c62506956aa6f04f43f9658a0fb1fc,5185661,6080,583672,72,2007-01-01,2007-12-31,365
https://www.ercot.com/mktinfo/data_agg/2007,2007 TDSP Distribution Loss Factors - Forecasted,https://www.ercot.com/files/docs/2008/01/03/dlf_forecasted_for_2007.zip,ffc10bca1d9c6dcc6d45b389750bfca7c7fae212ec456236475bbc300ae49bd8,2483381,6086,584248,72,2007-01-01,2007-12-31,365
https://www.ercot.com/mktinfo/data_agg/2007,2007 TDSP Transmission Loss Factors - Actual,https://www.ercot.com/files/docs/2008/01/03/tlf_actual_for_2007.zip,fe42217fa02c5665fb1f1c6a4f9fd1b23a3db2937ef1f6a18baecdf9b9050f55,332662,365,35040,4,2007-01-01,2007-12-31,365
https://www.ercot.com/mktinfo/data_agg/2007,2007 TDSP Transmission Loss Factors - Forecasted,https://www.ercot.com/files/docs/2008/01/03/tlf_forecasted_for_2007.zip,89e7d7f5a9ee77b3d46bd6801d0e9c8f65db520d75ff4984309110af8225589e,578498,365,35040,4,2007-01-01,2007-12-31,365
https://www.ercot.com/mktinfo/data_agg/2008,2008 TDSP Distribution Loss Factors - Actual,https://www.ercot.com/files/docs/2009/01/05/dlf_actual_for_2008.zip,ed2628fee99689a5a918005c1aad8ceaacfa0ffe88e7e399a78341bab58f1eca,4793480,5856,562176,64,2008-01-01,2008-12-31,366
https://www.ercot.com/mktinfo/data_agg/2008,2008 TDSP Distribution Loss Factors - Forecasted,https://www.ercot.com/files/docs/2009/01/05/dlf_forecasted_for_2008.zip,97c7734bfb5ff23ed1ffae0a098495c21286939d7209883e5ac6ef5d0434c775,2340094,5856,562176,64,2008-01-01,2008-12-31,366
https://www.ercot.com/mktinfo/data_agg/2008,2008 TDSP Transmission Loss Factors - Actual,https://www.ercot.com/files/docs/2009/01/05/tlf_actual_for_2008.zip,bebd1024e013fa0fb673eb4defb4fad7bbeb5de053aef9338632ad1671361e8b,329026,366,35136,4,2008-01-01,2008-12-31,366
https://www.ercot.com/mktinfo/data_agg/2008,2008 TDSP Transmission Loss Factors - Forecasted,https://www.ercot.com/files/docs/2009/01/05/tlf_forecasted_for_2008.zip,2b31954e25ea7be238f2c6a01b02b32c4b6bb9ba1621cb56df8ddb8a74533b6f,572223,366,35136,4,2008-01-01,2008-12-31,366
https://www.ercot.com/mktinfo/data_agg/2009,2009 TDSP Distribution Loss Factors - Actual,https://www.ercot.com/files/docs/2011/03/15/dlf_actual_for_2009.zip,13b28e79ba261db31c843b03d934ea85e42b633663e6ff84d39450e802e33f25,4832364,5840,560640,64,2009-01-01,2009-12-31,365
https://www.ercot.com/mktinfo/data_agg/2009,2009 TDSP Distribution Loss Factors - Forecasted,https://www.ercot.com/files/docs/2011/03/15/dlf_forecasted_for_2009.zip,03d837c877c8ed3b582a7f380f569a0d5d5247cfb4c235e20d2b5390202c2003,2360781,5840,560640,64,2009-01-01,2009-12-31,365
https://www.ercot.com/mktinfo/data_agg/2009,2009 TDSP Transmission Loss Factors - Actual,https://www.ercot.com/files/docs/2011/03/15/tlf_actual_for_2009.zip,77e3b0777c60d973e368c7b15485345618a970e8ea947a59b9d133acda92228e,334648,365,35040,4,2009-01-01,2009-12-31,365
https://www.ercot.com/mktinfo/data_agg/2009,2009 TDSP Transmission Loss Factors - Forecasted,https://www.ercot.com/files/docs/2011/03/15/tlf_forecasted_for_2009.zip,9d650f9318bde1954e24a48518f31e83c2d56d41af048bd0ce325bd537c2d249,582126,365,35040,4,2009-01-01,2009-12-31,365
https://www.ercot.com/mktinfo/data_agg/2010,2010 TDSP Distribution Loss Factors - Actual,https://www.ercot.com/files/docs/2011/03/15/dlf_actual_for_2010.zip,b2d2dda67fa0a9cc3d947560ead66efbfcf381706083aa4b9dea83a572f1d0c8,4833595,5840,560640,64,2010-01-01,2010-12-31,365
https://www.ercot.com/mktinfo/data_agg/2010,2010 TDSP Distribution Loss Factors - Forecasted,https://www.ercot.com/files/docs/2011/03/15/dlf_forecasted_for_2010.zip,9fc39fe0dab258d7d98720e3972f4710b69ce485a32a7aaf340a72d9235d0612,2359028,5840,560640,64,2010-01-01,2010-12-31,365
https://www.ercot.com/mktinfo/data_agg/2010,2010 TDSP Transmission Loss Factors - Actual,https://www.ercot.com/files/docs/2011/03/15/tlf_actual_for_2010.zip,58fbda277d04ce8170042d2e9167be13cc3ee0073b60925e8b724043047a7266,340071,365,35040,4,2010-01-01,2010-12-31,365
https://www.ercot.com/mktinfo/data_agg/2010,2010 TDSP Transmission Loss Factors - Forecasted,https://www.ercot.com/files/docs/2011/03/15/tlf_forecasted_for_2010.zip,32db0b70be58140931d2356fa25dd77d7182e4bd17ffd9953589edf3d0cfab45,585242,366,35136,4,2010-01-01,2010-12-31,365
https://www.ercot.com/mktinfo/data_agg/2011,DLF forecasted for 2011,https://www.ercot.com/files/docs/2012/01/09/dlf_forecasted_for_2011.zip,8a3d1469b7074a2b7941ed6eb5d03e217e645b372e5fcc19d7b25f56679cb79a,2349790,5840,560640,64,2011-01-01,2011-12-31,365
https://www.ercot.com/mktinfo/data_agg/2011,TLF actual for 2011,https://www.ercot.com/files/docs/2012/01/09/tlf_actual_for_2011.zip,6e15ba73009548b182d95e1fcbfb89c9987c9f4be023f7ef63f1781fa194ccd5,351870,365,35040,4,2011-01-01,2011-12-31,365
https://www.ercot.com/mktinfo/data_agg/2011,TLF forecasted for 2011,https://www.ercot.com/files/docs/2012/01/09/tlf_forecasted_for_2011.zip,75cb9eca7b98a7267efdfb06546af6996ad30eeb0c2105052ad3753d0a66f005,558867,365,35040,4,2011-01-01,2011-12-31,365
https://www.ercot.com/mktinfo/data_agg/2011,DLF actual for 2011,https://www.ercot.com/files/docs/2012/01/13/dlf_actual_for_2011.zip,402291c82efc9fc381f52daf0930fa70c1cd604a4ab6740a69d1ce3897164f18,4816204,5840,560640,64,2011-01-01,2011-12-31,365
https://www.ercot.com/mktinfo/data_agg/2012,DLF actual for 2012,https://www.ercot.com/files/docs/2013/01/08/dlf_actual_for_2012.zip,30c4a9516b98f0b708e071f32121e1a69cbca7398ccc7af62caeec87a77a2e00,4822731,5856,562176,64,2012-01-01,2012-12-31,366
https://www.ercot.com/mktinfo/data_agg/2012,DLF forecasted for 2012,https://www.ercot.com/files/docs/2013/01/08/dlf_forecasted_for_2012.zip,e5b9861f4553ff0c6cbd041cfc894785d2854a342a6beb9911a01f1bef224317,2328550,5856,562176,64,2012-01-01,2012-12-31,366
https://www.ercot.com/mktinfo/data_agg/2012,TLF actual for 2012,https://www.ercot.com/files/docs/2013/01/08/tlf_actual_for_2012.zip,d634698351b9091746d9fe6e8e010569a7bf314fdc4cddd91897c20f4550f77b,352004,366,35136,4,2012-01-01,2012-12-31,366
https://www.ercot.com/mktinfo/data_agg/2012,TLF forecasted for 2012,https://www.ercot.com/files/docs/2013/01/08/tlf_forecasted_for_2012.zip,a6a8c28c16d0ce3b518a85123eade8abb9dbd5de78b39201a6d39c49105f71a8,167826,366,35136,4,2012-01-01,2012-12-31,366
https://www.ercot.com/mktinfo/data_agg/2013,DLF forecasted for 2013,https://www.ercot.com/files/docs/2014/01/07/dlf_forecasted_for_2013.zip,687312a1ec32c07aa2315efec3cd0c583638a7e8c3fded34054dc04f92f4395e,2318554,5840,560640,64,2013-01-01,2013-12-31,365
https://www.ercot.com/mktinfo/data_agg/2013,TLF actual for 2013,https://www.ercot.com/files/docs/2014/01/07/tlf_actual_for_2013.zip,7f0803aa3ac75147b7675512f16aa43bd085fdf60d23040888f7255bd0ffc9cd,330571,366,35140,4,2013-01-01,2013-12-31,365
https://www.ercot.com/mktinfo/data_agg/2013,TLF forecasted for 2013,https://www.ercot.com/files/docs/2014/01/07/tlf_forecasted_for_2013.zip,71a6359a2b1bf915d9c28f71ec22f6c8f09f18e27b89746b51b3df1f01f66e0d,164946,365,35040,4,2013-01-01,2013-12-31,365
https://www.ercot.com/mktinfo/data_agg/2013,DLF actual for 2013,https://www.ercot.com/files/docs/2014/05/23/dlf_actual_for_2013.zip,62787736deafe1a3d64ea8c04aea29fdab9bca7928b11cacf14620830db6d286,4802349,5840,560640,64,2013-01-01,2013-12-31,365
https://www.ercot.com/mktinfo/data_agg/2014,DLF actual for 2014,https://www.ercot.com/files/docs/2015/01/05/dlf_actual_for_2014.zip,447b41a21675c2a130bbb9435d1b4b1ab8dd0f907893a2f8790e71b6f2371406,5352356,6935,665760,76,2014-01-01,2014-12-31,365
https://www.ercot.com/mktinfo/data_agg/2014,DLF forecasted for 2014,https://www.ercot.com/files/docs/2015/01/05/dlf_forecasted_for_2014.zip,48fd1d49f4731b5679176094ca6d959bdb90ce95b42f5196d0cf8585d8ea6dd3,4132593,6935,665760,76,2014-01-01,2014-12-31,365
https://www.ercot.com/mktinfo/data_agg/2014,TLF actual for 2014,https://www.ercot.com/files/docs/2015/01/05/tlf_actual_for_2014.zip,dccb3ff17a5a4bdfbea48b3bf67e848a4164dc18fb872944378c9bdee74abc69,350191,365,35040,4,2014-01-01,2014-12-31,365
https://www.ercot.com/mktinfo/data_agg/2014,TLF forecasted for 2014,https://www.ercot.com/files/docs/2015/01/05/tlf_forecasted_for_2014.zip,ecbc52c178037e2c99b4690dafd5749d66dbce346f16ecb468bb94c19ee9591c,165367,365,35040,4,2014-01-01,2014-12-31,365
https://www.ercot.com/mktinfo/data_agg/2015,DLF Actual for 2015,https://www.ercot.com/files/docs/2016/03/09/DLF_actual_for_2015.zip,d850e14d686be28ae40f66ee0942850a093bfce8ce55e05c5a297358517b30b4,5351968,6935,665760,76,2015-01-01,2015-12-31,365
https://www.ercot.com/mktinfo/data_agg/2015,DLF Forecasted for 2015,https://www.ercot.com/files/docs/2016/03/09/DLF_forecasted_for_2015.zip,6cd4d3fa2b7c5e7dd841639d6e50c1c0610d92035cf47b69f5a17c4a77f50153,4038009,6935,665760,76,2015-01-01,2015-12-31,365
https://www.ercot.com/mktinfo/data_agg/2015,TLF Actual for 2015,https://www.ercot.com/files/docs/2016/03/09/TLF_actual_for_2015.zip,1c36d8816b7aeb21c64c55c07d57c5df117e9e97e6ddd6fece8b1546be6f3b3a,346066,365,35040,4,2015-01-01,2015-12-31,365
https://www.ercot.com/mktinfo/data_agg/2015,TLF Forecasted for 2015,https://www.ercot.com/files/docs/2016/03/09/TLF_forecasted_for_2015.zip,5b5d927ecb992178c3824d2bf8b0249339af1ede9950cc7eb2726e6c4468a596,164597,365,35040,4,2015-01-01,2015-12-31,365
https://www.ercot.com/mktinfo/data_agg/2016,DLF Actual for 2016,https://www.ercot.com/files/docs/2017/01/05/DLF_actual_for_2016.zip,2ddde794deb849e89d55bf2bd517d3c8fd7e9f4f87ede574d0144281e0a74470,5366006,6954,667584,76,2016-01-01,2016-12-31,366
https://www.ercot.com/mktinfo/data_agg/2016,DLF Forecasted for 2016,https://www.ercot.com/files/docs/2017/01/05/DLF_forecasted_for_2016.zip,0f97d3da98b78e99f8d4d6d16b8a99a843c382809114ee97e3d3736df6c466c4,4047556,6954,667584,76,2016-01-01,2016-12-31,366
https://www.ercot.com/mktinfo/data_agg/2016,TLF Actual for 2016,https://www.ercot.com/files/docs/2017/01/05/TLF_actual_for_2016.zip,fcf290c586da36806ca81158406f1bcfff8b0fd26af8cf2f089a530ebdf943d0,351300,366,35136,4,2016-01-01,2016-12-31,366
https://www.ercot.com/mktinfo/data_agg/2016,TLF Forecasted for 2016,https://www.ercot.com/files/docs/2017/01/05/TLF_forecasted_for_2016.zip,8381b42e8c2c9291332a50145f5f611845fa181b068817de3ef19fa19494346d,165692,366,35136,4,2016-01-01,2016-12-31,366
https://www.ercot.com/mktinfo/data_agg/2017,DLF actual for 2017,https://www.ercot.com/files/docs/2018/01/08/DLF_actual_for_2017.zip,bea521f930f356e4e969e9f4d0142b72d32a38c6b08b1f68e6644e79f363f194,5620996,7665,735840,84,2017-01-01,2017-12-31,365
https://www.ercot.com/mktinfo/data_agg/2017,DLF forecasted for 2017,https://www.ercot.com/files/docs/2018/01/08/DLF_forecasted_for_2017.zip,afc6dee6c51a3ef32491ebb573835ba20412ea83f76b2a5f95187b132c883633,2671849,7014,673344,84,2017-01-01,2017-11-30,334
https://www.ercot.com/mktinfo/data_agg/2017,TLF actual for 2017,https://www.ercot.com/files/docs/2018/01/08/TLF_actual_for_2017.zip,84dcdaddd1cdfebbf6ef50152429af483fe9481d11a60564ef01da5a21dc09fb,347925,365,35040,4,2017-01-01,2017-12-31,365
https://www.ercot.com/mktinfo/data_agg/2017,TLF forecasted for 2017,https://www.ercot.com/files/docs/2018/01/08/TLF_forecasted_for_2017.zip,1db4fb778e5e7e9e678e1c1ed408bd14a832b18d26b4538c4a02e264af2f3f88,163127,365,35040,4,2017-01-01,2017-12-31,365
https://www.ercot.com/mktinfo/data_agg/2018,Historical Loss Factors 2018 01 01 thru 2018 12 31 20190107,https://www.ercot.com/files/docs/2019/01/07/Historical_Loss_Factors_2018-01-01_thru_2018-12-31_20190107.xlsx,990e1f70b665a1374d978a89f1b8c463a669c78e90e41878c18d323101bbb590,11290308,16060,1541760,64240,2018-01-01,2018-12-31,365
https://www.ercot.com/mktinfo/data_agg/2019,Historical Loss Factors_2019-01-01_thru_2019-12-31,https://www.ercot.com/files/docs/2020/01/06/Historical_Loss_Factors_2019-01-01_thru_2019-12-31_20200106.xlsx,b38456f0237314921a3733c4ed639197f8f2d4ed0dd19898d40506c2ac9f5dd5,11312947,16060,1541760,64240,2019-01-01,2019-12-31,365
https://www.ercot.com/mktinfo/data_agg/2020,Historical Loss Factors 2020 01 01 thru 2020 12 31 20210105,https://www.ercot.com/files/docs/2021/01/05/Historical_Loss_Factors_2020-01-01_thru_2020-12-31_20210105.xlsx,254f200e31f0f1c83158fcf652840932e41a631e6b6e021dded81bc9facbacd6,11346338,16104,1545984,64416,2020-01-01,2020-12-31,366
https://www.ercot.com/mktinfo/data_agg/2021,Historical Loss Factors 2021-01-01 thru 2021-12-31,https://www.ercot.com/files/docs/2022/01/05/Historical_Loss_Factors.xlsx,5487d038276413fcca0ac491d366a17a4f9dc7c4acaf99386bde366436c44e37,8889898,11680,1121280,46720,2021-01-01,2021-12-31,365
https://www.ercot.com/mktinfo/data_agg/2022,Historical Loss Factors_2022-01-01_thru_2022-12-31_20230105.xlsx,https://www.ercot.com/files/docs/2022/04/05/Historical%20Loss%20Factors_2022-01-01_thru_2022-12-31_20230105.xlsx,f95602ca127c726c90fb06657563da35de9ba98a429e23b27e17f6310a70af55,9766259,11680,1121280,46720,2022-01-01,2022-12-31,365
https://www.ercot.com/mktinfo/data_agg/2023,Historical Loss Factors_2023-01-01_thru_2023-12-31_20240105.xlsx,https://www.ercot.com/files/docs/2023/01/05/Historical%20Loss%20Factors_2023-01-01_thru_2023-12-31_20240105.xlsx,0d8749c3293a3071f1fcd7109db0cd9dba6bcfd8e08160c746c9a4c86a2590ea,9769183,11680,1121280,46720,2023-01-01,2023-12-31,365
https://www.ercot.com/mktinfo/data_agg/2024,Historical Loss Factors_2024-01-01_thru_2024-12-31_20250106.xlsx,https://www.ercot.com/files/docs/2024/07/05/Historical%20Loss%20Factors_2024-01-01_thru_2024-12-31_20250106.xlsx,47563eebfd9ffa4a9698b77c7abf9de7dcdb25d7e26c8788a8f92a58ebdf7fb0,11850650,15079,1447596,60304,2024-01-01,2024-12-31,366
https://www.ercot.com/mktinfo/data_agg/2025,Historical-Loss-Factors_2025-01-01_thru_2025-12-31_20260105,https://www.ercot.com/files/docs/2026/02/19/Historical-Loss-Factors_2025-01-01_thru_2025-12-31_20260105.xlsx,b99f44bd03b6f79799e224bac8eda486be2d6a7dde59269b4c4e71b89d8f7664,10986345,13140,1261440,52560,2025-01-01,2025-12-31,365
