url,file,reportMonth,sha256,bytes,projectRows,totalRows
https://www.ercot.com/files/docs/2018/09/07/Capacity_Changes_by_Fuel_Type_Charts_August_2018.xlsx,Capacity_Changes_by_Fuel_Type_Charts_August_2018.xlsx,2018-08-01,4aecd1de9a1b2ba4aa313eaab14b719bcbe37728247365f7dd9511118eaec67f,61337,87,77
https://www.ercot.com/files/docs/2018/10/02/Capacity_Changes_by_Fuel_Type_Charts_September_2018.xlsx,Capacity_Changes_by_Fuel_Type_Charts_September_2018.xlsx,2018-09-01,06e4e25504c71bff2a28193d7c23f21e8abde907e2e71496cd881c6863b1bc6c,70601,91,86
https://www.ercot.com/files/docs/2018/11/01/Capacity_Changes_by_Fuel_Type_Charts_October_2018.xlsx,Capacity_Changes_by_Fuel_Type_Charts_October_2018.xlsx,2018-10-01,d3a0ae654bd3dfc6367f81c1f3ea8a222483d43b7e760aa694429dcbb8284a27,73979,98,86
https://www.ercot.com/files/docs/2018/12/04/Capacity_Changes_by_Fuel_Type_Charts_November_2018.xlsx,Capacity_Changes_by_Fuel_Type_Charts_November_2018.xlsx,2018-11-01,3e450d89f54a232fdc985467a8e69c61d86cd1af55d09df37612849cfcf241cc,74113,100,86
https://www.ercot.com/files/docs/2018/12/11/Capacity_Changes_by_Fuel_Type_Charts_November_2018.xlsx,Capacity_Changes_by_Fuel_Type_Charts_November_2018.xlsx,2018-11-01,3e450d89f54a232fdc985467a8e69c61d86cd1af55d09df37612849cfcf241cc,74113,100,86
https://www.ercot.com/files/docs/2019/01/09/Capacity_Changes_by_Fuel_Type_Charts_December_2018.xlsx,Capacity_Changes_by_Fuel_Type_Charts_December_2018.xlsx,2018-12-01,8bdf23f280a9eef4f29141359dc30d59913ff0eea0860afd5b0259d1742f70a9,74877,103,88
https://www.ercot.com/files/docs/2019/02/06/CapacityChangesbyFuelTypeCharts_January_2019.xlsx,CapacityChangesbyFuelTypeCharts_January_2019.xlsx,2019-01-01,484e5becfcc8a319f8bec49ae784644344aab1d5ae8725bdc9463a397b003e2a,75538,107,91
https://www.ercot.com/files/docs/2019/03/11/Capacity_Changes_by_Fuel_Type_Charts_February_2019.xlsx,Capacity_Changes_by_Fuel_Type_Charts_February_2019.xlsx,2019-02-01,d21cac3d5910c92f2504bb6b47600336a65b9bef8f76e1b00f6d4e825325f56b,72922,115,91
https://www.ercot.com/files/docs/2019/04/05/Capacity_Changes_by_Fuel_Type_Charts_March_2019.xlsx,Capacity_Changes_by_Fuel_Type_Charts_March_2019.xlsx,2019-03-01,a8dbeaed680d732294c2377b0e7bf9caf069c770319536a6200913b31e8e9ebc,73324,115,91
https://www.ercot.com/files/docs/2019/05/06/Capacity_Changes_by_Fuel_Type_Charts_April_2019.xlsx,Capacity_Changes_by_Fuel_Type_Charts_April_2019.xlsx,2019-04-01,d967c022c13ab16814cc327f0837c71626c8dbb143024f0394b06c238f5117e4,73646,120,91
https://www.ercot.com/files/docs/2019/06/07/Capacity_Changes_by_Fuel_Type_Charts_May_2019.xlsx,Capacity_Changes_by_Fuel_Type_Charts_May_2019.xlsx,2019-05-01,b178f885edbb2355c3338ceac00ce56b1cc9da78bd7bc75eb438c18e74596906,77033,128,91
https://www.ercot.com/files/docs/2019/07/16/Capacity_Changes_by_Fuel_Type_Charts_June_2019.xlsx,Capacity_Changes_by_Fuel_Type_Charts_June_2019.xlsx,2019-06-01,c809198146c2a80c16b0a5ffcab7976f29b6fc8bccea1b7f6d2890693f9366f8,73406,133,89
https://www.ercot.com/files/docs/2019/08/14/Capacity_Changes_by_Fuel_Type_Charts_July_2019.xlsx,Capacity_Changes_by_Fuel_Type_Charts_July_2019.xlsx,2019-07-01,dbe6d3ad22fb07715548edb3588abc906740d98a9f4e8372ff2932f54b1de5c9,73792,141,89
https://www.ercot.com/files/docs/2019/09/16/Capacity_Changes_by_Fuel_Type_Charts_August_2019.xlsx,Capacity_Changes_by_Fuel_Type_Charts_August_2019.xlsx,2019-08-01,4408b7cb52f76d4c0a446d737403d5a8ba81bb3c51ff228f4d7b1598ca905617,73358,130,89
https://www.ercot.com/files/docs/2019/10/18/Capacity_Changes_by_Fuel_Type_Charts_September_2019.xlsx,Capacity_Changes_by_Fuel_Type_Charts_September_2019.xlsx,2019-09-01,d2aec4303c3f866f1e6cec8d5cdb93d64b3b6ca01efd5c54e405f74dc87e565c,72908,128,89
https://www.ercot.com/files/docs/2019/11/11/Capacity_Changes_by_Fuel_Type_Charts_October_2019.xlsx,Capacity_Changes_by_Fuel_Type_Charts_October_2019.xlsx,2019-10-01,cdab873ae4dcd5c2ff7c00898f68d40d907bf900de21f86ccab9c6ab361bf4a3,73484,133,89
https://www.ercot.com/files/docs/2019/12/05/Capacity_Changes_by_Fuel_Type_Charts_November_2019.xlsx,Capacity_Changes_by_Fuel_Type_Charts_November_2019.xlsx,2019-11-01,202e5c80d4d66f9a8c7ca0c31ea6916dd26e4098bdba564bc65b58d677375e17,74828,131,89
https://www.ercot.com/files/docs/2019/12/18/Capacity_Changes_by_Fuel_Type_Charts_November_2019_Revised.xlsx,Capacity_Changes_by_Fuel_Type_Charts_November_2019_Revised.xlsx,2019-11-01,73f6b69872f1eff259a7065bc500a0dce1d404227c4f01f0035a5d2acbb58dbf,75387,131,89
https://www.ercot.com/files/docs/2020/01/08/Capacity_Changes_by_Fuel_Type_Charts_December_2019.xlsx,Capacity_Changes_by_Fuel_Type_Charts_December_2019.xlsx,2019-12-01,29f7133c2376a6f29664be74b7aa0d0b95c4d33f16ed23f9e4523b18295d124d,74379,126,91
https://www.ercot.com/files/docs/2020/02/10/Capacity_Changes_by_Fuel_Type_Charts_January_2020.xlsx,Capacity_Changes_by_Fuel_Type_Charts_January_2020.xlsx,2020-01-01,450b9a023f5d62c78374577f82628d47041d965f42795372319b59afd283c9b6,75252,131,91
https://www.ercot.com/files/docs/2020/03/09/Capacity_Changes_by_Fuel_Type_Charts_February_2020.xlsx,Capacity_Changes_by_Fuel_Type_Charts_February_2020.xlsx,2020-02-01,edb449a0bd5677e4f8db2cd13fa462ffa6ca2f3256f13cc3e417fe3224718360,74777,137,91
https://www.ercot.com/files/docs/2020/04/13/Capacity_Changes_by_Fuel_Type_Charts_March_2020.xlsx,Capacity_Changes_by_Fuel_Type_Charts_March_2020.xlsx,2020-03-01,e98095eba7885c21a2ba1336581e1fc6dc455caed7bd3e6d461549864e7b3c04,80315,144,91
https://www.ercot.com/files/docs/2020/05/07/Capacity_Changes_by_Fuel_Type_Charts_April_2020.xlsx,Capacity_Changes_by_Fuel_Type_Charts_April_2020.xlsx,2020-04-01,ab9ddde3000280a83aa605d67134e276983d9e5e6cab9bc098df3b8b071a4977,81408,155,92
https://www.ercot.com/files/docs/2020/06/09/Capacity_Changes_by_Fuel_Type_Charts_May_2020.xlsx,Capacity_Changes_by_Fuel_Type_Charts_May_2020.xlsx,2020-05-01,c65fe140683d6a04186741992ee004554479c3ab125d7b0c0ff71bdc074480e5,83031,157,92
https://www.ercot.com/files/docs/2020/07/14/Capacity_Changes_by_Fuel_Type_Charts_June_2020.xlsx,Capacity_Changes_by_Fuel_Type_Charts_June_2020.xlsx,2020-06-01,13132f611740ca697657b348d62b5844a4290bf2afca7456190e0c6710a30172,82430,153,94
https://www.ercot.com/files/docs/2020/08/07/Capacity_Changes_by_Fuel_Type_Charts_July_2020.xlsx,Capacity_Changes_by_Fuel_Type_Charts_July_2020.xlsx,2020-07-01,9ea642ac4f4498459e98438f16100b2a7d11d3a1145828f304a58d2eef32d53c,83265,156,94
https://www.ercot.com/files/docs/2020/09/10/Capacity_Changes_by_Fuel_Type_Charts_August_2020.xlsx,Capacity_Changes_by_Fuel_Type_Charts_August_2020.xlsx,2020-08-01,cf0443d24c29df3fdb2267d936efb8bd8c7dfd81c685dd16a581c6fe1e563c81,83360,164,94
https://www.ercot.com/files/docs/2020/10/13/Capacity_Changes_by_Fuel_Type_Charts_September_2020.xlsx,Capacity_Changes_by_Fuel_Type_Charts_September_2020.xlsx,2020-09-01,b3dbced4329b633a735572b89d0aeedb4c19c73b81c12d22634dfe62ae71f57d,85427,180,95
https://www.ercot.com/files/docs/2020/11/09/Capacity_Changes_by_Fuel_Type_Charts_October_2020.xlsx,Capacity_Changes_by_Fuel_Type_Charts_October_2020.xlsx,2020-10-01,85197e00aa21ff660058488f2c662f305e5f6ff07be2ceaf7cd167a4ff297ea3,86147,196,95
https://www.ercot.com/files/docs/2020/12/07/Capacity_Changes_by_Fuel_Type_Charts_November_2020.xlsx,Capacity_Changes_by_Fuel_Type_Charts_November_2020.xlsx,2020-11-01,7476b40c1bc657847626f2373348a5dcccf149277d43494ad4a711bbca61add0,86459,197,95
https://www.ercot.com/files/docs/2020/12/09/Capacity_Changes_by_Fuel_Type_Charts_November_2020_monthly.xlsx,Capacity_Changes_by_Fuel_Type_Charts_November_2020_monthly.xlsx,2020-11-01,e98879f3c826540222e56c093a02e210321cd0f40577aff9abd78b06680e1479,60974,179,54
https://www.ercot.com/files/docs/2021/01/07/Capacity_Changes_by_Fuel_Type_Charts_December_2020.xlsx,Capacity_Changes_by_Fuel_Type_Charts_December_2020.xlsx,2020-12-01,70fdd517e3120010e281bae8e2db1b1b9c46c3157500d5545f12548c8bb1a92e,86664,200,96
https://www.ercot.com/files/docs/2021/01/11/Capacity_Changes_by_Fuel_Type_Charts_December_2020_monthly.xlsx,Capacity_Changes_by_Fuel_Type_Charts_December_2020_monthly.xlsx,2020-12-01,12c436a9882f14cafcd28cd5c164768a623ddc787aa200b3c94e15c41b9e4bb8,62238,182,54
https://www.ercot.com/files/docs/2021/02/03/Capacity_Changes_by_Fuel_Type_Charts_January_2021.xlsx,Capacity_Changes_by_Fuel_Type_Charts_January_2021.xlsx,2021-01-01,fe8cfd72712aee8315baa5b396433a86dd901678a1b98f523458e8ede291dc67,87716,214,96
https://www.ercot.com/files/docs/2021/02/05/Capacity_Changes_by_Fuel_Type_Charts_January_2021_monthly.xlsx,Capacity_Changes_by_Fuel_Type_Charts_January_2021_monthly.xlsx,2021-01-01,1f8a5f03dfbbac2fc925366bb4c56b3d29a8abebcad80844491b96ddf18a3a33,64293,196,54
https://www.ercot.com/files/docs/2021/03/05/Capacity_Changes_by_Fuel_Type_Charts_February_2021.xlsx,Capacity_Changes_by_Fuel_Type_Charts_February_2021.xlsx,2021-02-01,d8b4e650ef5a001059d1b60bd7e769bbbd9b5b356d3968119fd95210b90f6605,88318,224,96
https://www.ercot.com/files/docs/2021/03/05/Capacity_Changes_by_Fuel_Type_Charts_February_2021_monthly.xlsx,Capacity_Changes_by_Fuel_Type_Charts_February_2021_monthly.xlsx,2021-02-01,859dd55fe16acda06e122135cb96132e0aea18785a15ee2589e1a58c552de26f,63080,206,54
https://www.ercot.com/files/docs/2021/04/06/Capacity_Changes_by_Fuel_Type_Charts_March_2021.xlsx,Capacity_Changes_by_Fuel_Type_Charts_March_2021.xlsx,2021-03-01,61a748f653095098d5972313ed83222ddabc4e717848639bc0886517adefa111,88930,229,97
https://www.ercot.com/files/docs/2021/04/06/Capacity_Changes_by_Fuel_Type_Charts_March_2021_monthly.xlsx,Capacity_Changes_by_Fuel_Type_Charts_March_2021_monthly.xlsx,2021-03-01,08ef0287d3b020494f17cfbb9b6c49db00c334359bc24f691b0fcef30e488c21,63023,211,54
https://www.ercot.com/files/docs/2021/05/07/Capacity_Changes_by_Fuel_Type_Charts_April_2021.xlsx,Capacity_Changes_by_Fuel_Type_Charts_April_2021.xlsx,2021-04-01,eeb4e31ad727d55420cf6fd73cd94871401fc8b4ae1dbd73d06213974311b2ea,88780,230,97
https://www.ercot.com/files/docs/2021/05/07/Capacity_Changes_by_Fuel_Type_Charts_April_2021_monthly.xlsx,Capacity_Changes_by_Fuel_Type_Charts_April_2021_monthly.xlsx,2021-04-01,6d42ee4185efd03a645ff826b65fcfba39d2770488397c0fb7ca39c96a155a6d,60349,175,54
https://www.ercot.com/files/docs/2021/06/03/Capacity_Changes_by_Fuel_Type_Charts_May_2021.xlsx,Capacity_Changes_by_Fuel_Type_Charts_May_2021.xlsx,2021-05-01,b7e80fd26d1e11ea258c5927d97ec22784f2bb7d9ba11994ac2a4197aa3719df,88559,227,97
https://www.ercot.com/files/docs/2021/06/03/Capacity_Changes_by_Fuel_Type_Charts_May_2021_monthly.xlsx,Capacity_Changes_by_Fuel_Type_Charts_May_2021_monthly.xlsx,2021-05-01,1123c957a7efaf39415a71b51e75833222912c3b2693c473d74164c4e93d87d3,62696,211,54
https://www.ercot.com/files/docs/2021/07/09/Capacity_Changes_by_Fuel_Type_Charts_June_2021.xlsx,Capacity_Changes_by_Fuel_Type_Charts_June_2021.xlsx,2021-06-01,a017672bd515f68f17982d9d6f5055fd57ae304b7c60174da6c097409b87e8b6,88816,225,97
https://www.ercot.com/files/docs/2021/07/09/Capacity_Changes_by_Fuel_Type_Charts_June_2021_monthly.xlsx,Capacity_Changes_by_Fuel_Type_Charts_June_2021_monthly.xlsx,2021-06-01,7ac2e24ff9001755a0d705b503282601d48d8b9586cc779453ecbf3b04b98a45,63831,209,54
https://www.ercot.com/files/docs/2021/08/06/Capacity_Changes_by_Fuel_Type_Charts_July_2021.xlsx,Capacity_Changes_by_Fuel_Type_Charts_July_2021.xlsx,2021-07-01,2fc62e5790bc0a63cc62dc1101205fb7ecdcd30fa16d6f8b3845a0fd6aa559df,83115,235,99
https://www.ercot.com/files/docs/2021/08/06/Capacity_Changes_by_Fuel_Type_Charts_July_2021_monthly.xlsx,Capacity_Changes_by_Fuel_Type_Charts_July_2021_monthly.xlsx,2021-07-01,12f4945cb6c140d8527ea95dd4229f09146a81776017f52fbad71adbb2fc0b79,59364,219,54
https://www.ercot.com/files/docs/2021/09/03/Capacity_Changes_by_Fuel_Type_Charts_August_2021.xlsx,Capacity_Changes_by_Fuel_Type_Charts_August_2021.xlsx,2021-08-01,0451d3cbaf85a20543d524160a0d56309397d18c793dee865b10156862b0bad3,83172,233,100
https://www.ercot.com/files/docs/2021/09/03/Capacity_Changes_by_Fuel_Type_Charts_August_2021_monthly.xlsx,Capacity_Changes_by_Fuel_Type_Charts_August_2021_monthly.xlsx,2021-08-01,94937c1083c5acef08f49ed0b6dfb2a44c8eb842689b3ad1a5e76bc707e6b319,56772,170,54
https://www.ercot.com/files/docs/2021/10/08/Capacity_Changes_by_Fuel_Type_Charts_September_2021.xlsx,Capacity_Changes_by_Fuel_Type_Charts_September_2021.xlsx,2021-09-01,2a1e027de44b50df188cf3f2c093de9e9a9110b8f0a06faef9cb75d4d31284f1,83818,236,100
https://www.ercot.com/files/docs/2021/10/08/Capacity_Changes_by_Fuel_Type_Charts_September_2021_monthly.xlsx,Capacity_Changes_by_Fuel_Type_Charts_September_2021_monthly.xlsx,2021-09-01,5620d88b71718a44dbc5f0269afb0e649090fbb2c524d0347020a70f1cbb7964,57304,171,54
https://www.ercot.com/files/docs/2021/11/03/Capacity_Changes_by_Fuel_Type_Charts_October_2021.xlsx,Capacity_Changes_by_Fuel_Type_Charts_October_2021.xlsx,2021-10-01,909dd9b11dfbc5e8232571db5011e4d792a2b5eb75357a66a6ac3861690c45f2,82583,227,100
https://www.ercot.com/files/docs/2021/11/03/Capacity_Changes_by_Fuel_Type_Charts_October_2021_monthly.xlsx,Capacity_Changes_by_Fuel_Type_Charts_October_2021_monthly.xlsx,2021-10-01,387aa9aee09e507f98572e7e0d5d83345288567e727e621c0932bfae6da413fa,57721,164,54
https://www.ercot.com/files/docs/2021/12/07/Capacit_Changes_by_Fuel_Type_Charts_November_2021.xlsx,Capacit_Changes_by_Fuel_Type_Charts_November_2021.xlsx,2021-11-01,51ccd00cdd26cf5205e712fe5719ab331e374b87976361fb897c8cce6eee5a41,91203,228,100
https://www.ercot.com/files/docs/2021/12/07/Capacity_Changes_by_Fuel_Type_Charts_November_2021_PlannedMonthly.xlsx,Capacity_Changes_by_Fuel_Type_Charts_November_2021_PlannedMonthly.xlsx,2021-11-01,5c8a86250331e5eea859814925948fac2d89ae7445f6895c653d4948a8aabdce,61985,165,54
https://www.ercot.com/files/docs/2022/01/06/CapacityChangesFuelTypeCharts_December_2021_PlannedMonthly.xlsx,CapacityChangesFuelTypeCharts_December_2021_PlannedMonthly.xlsx,2021-12-01,e0459d115edd91ee3423adc63bcf1f9f27440593f28c369d89262034c9fa7cd3,86197,189,90
https://www.ercot.com/files/docs/2022/01/06/Capacity_Changes_Fuel_Type_Charts_December_2021.xlsx,Capacity_Changes_Fuel_Type_Charts_December_2021.xlsx,2021-12-01,54a3e13f0064782d660e34de1aeb0b1db4f1570f08e3c92fb0c7e73d4f23696b,82938,234,100
https://www.ercot.com/files/docs/2022/02/04/Capacity%20Changes%20by%20Fuel%20Type%20Charts_January_2022.xlsx,Capacity Changes by Fuel Type Charts_January_2022.xlsx,2022-01-01,1bc8049e46493d48c588e3bafdf5c54ed0e4ec2a4fe1dfe39fa621c6f58f91fd,84985,245,103
https://www.ercot.com/files/docs/2022/02/04/Capacity%20Changes%20by%20Fuel%20Type%20Charts_January_2022_PlannedMonthly.xlsx,Capacity Changes by Fuel Type Charts_January_2022_PlannedMonthly.xlsx,2022-01-01,72bf858f780718cb850dfaeaf5f29669cf1b95795f9406fea3b394611e725bbc,86632,212,90
https://www.ercot.com/files/docs/2022/03/07/Capacity%20Changes%20by%20Fuel%20Type%20Charts_February_2022_PlannedMonthly.xlsx,Capacity Changes by Fuel Type Charts_February_2022_PlannedMonthly.xlsx,2022-02-01,dd3e393b8b567eccdb16561976c30dfbd891b6a3c5efed52fbb40ac35c8b729d,88257,216,90
https://www.ercot.com/files/docs/2022/03/07/Capacity_Changes_by_Fuel_Type_Charts_February_2022.xlsx,Capacity_Changes_by_Fuel_Type_Charts_February_2022.xlsx,2022-02-01,dc903222b31e1fb07bac661ada96664cc38deb106ff902dec453ee7295799a73,85641,255,103
https://www.ercot.com/files/docs/2022/04/06/Capacity_Changes_by_Fuel_Type_Charts_March_2022.xlsx,Capacity_Changes_by_Fuel_Type_Charts_March_2022.xlsx,2022-03-01,991c43ad41f5593e7d17fe75157d3aab4fb884efd61f313dbc31deda7fd4f273,87376,260,104
https://www.ercot.com/files/docs/2022/04/06/Capacity_Changes_by_Fuel_Type_Charts_March_2022_PlannedMonthly.xlsx,Capacity_Changes_by_Fuel_Type_Charts_March_2022_PlannedMonthly.xlsx,2022-03-01,17fd1d3a65f7f5a177688712dd1c4eebcc60ab76f9ef64d2e7521c575707cbab,89564,212,90
https://www.ercot.com/files/docs/2022/05/04/Capacity_Changes_by_Fuel_Type_Charts_April_2022.xlsx,Capacity_Changes_by_Fuel_Type_Charts_April_2022.xlsx,2022-04-01,13caab719a2e2762c86657e002630e0b38434991137628bf8e546b4c9a76946b,87471,274,104
https://www.ercot.com/files/docs/2022/05/04/Capacity_Changes_by_Fuel_Type_Charts_April_2022_PlannedMonthly.xlsx,Capacity_Changes_by_Fuel_Type_Charts_April_2022_PlannedMonthly.xlsx,2022-04-01,2e16afeb45999a84517ea1ef2272075334914b27755eea8b70deb742ec3ce852,89681,226,90
https://www.ercot.com/files/docs/2022/06/08/Capacity_Changes_by_Fuel_Type_Charts_May_2022.xlsx,Capacity_Changes_by_Fuel_Type_Charts_May_2022.xlsx,2022-05-01,0e325f81d35632f1759ca770ef2c36b21e5e3b910068cbf01dc10f88bc5a8d65,88618,276,104
https://www.ercot.com/files/docs/2022/06/08/Capacity_Changes_by_Fuel_Type_Charts_May_2022_PlannedMonthly.xlsx,Capacity_Changes_by_Fuel_Type_Charts_May_2022_PlannedMonthly.xlsx,2022-05-01,d01e72ee27a96f7d82a59daebecff0690e9e9d5b1bb94e77b8aa2895c39c7f85,91536,219,90
https://www.ercot.com/files/docs/2022/07/08/Capacity%20Changes%20by%20Fuel%20Type%20Charts_June_2022.xlsx,Capacity Changes by Fuel Type Charts_June_2022.xlsx,2022-06-01,c4ae734dc6366db8c697c79114221ab171c7e86f8beede14abd7fae03da1ee1d,89409,281,104
https://www.ercot.com/files/docs/2022/07/08/Capacity%20Changes%20by%20Fuel%20Type%20Charts_June_2022_PlannedMonthly.xlsx,Capacity Changes by Fuel Type Charts_June_2022_PlannedMonthly.xlsx,2022-06-01,590d17f296fd2ad4b411829ed1b353511807c55b9a1ec5458ad0770f41b88b19,92649,219,90
https://www.ercot.com/files/docs/2022/08/05/Capacity%20Changes%20by%20Fuel%20Type%20Charts_July_2022.xlsx,Capacity Changes by Fuel Type Charts_July_2022.xlsx,2022-07-01,019903b1c25091d722f9e26571558175e634b8fc6565f14ceadd5c965408754e,89315,286,104
https://www.ercot.com/files/docs/2022/08/05/Capacity%20Changes%20by%20Fuel%20Type%20Charts_July_2022_PlannedMonthly.xlsx,Capacity Changes by Fuel Type Charts_July_2022_PlannedMonthly.xlsx,2022-07-01,c43918696ff515711e0e53bdc7ef8fb3ee14ba0dfeb17a28259777ac2c4bdbd8,93074,239,90
https://www.ercot.com/files/docs/2022/09/08/Capacity%20Changes%20by%20Fuel%20Type%20Charts_August_2022.xlsx,Capacity Changes by Fuel Type Charts_August_2022.xlsx,2022-08-01,f2d562d81e6fdd0e8fa784c985c7eff8eaaf540d189242bdc0e27ec3a91f4275,91112,293,107
https://www.ercot.com/files/docs/2022/09/08/Capacity%20Changes%20by%20Fuel%20Type%20Charts_August_2022_PlannedMonthly.xlsx,Capacity Changes by Fuel Type Charts_August_2022_PlannedMonthly.xlsx,2022-08-01,6f350e8c33c231cb0ae8ff859b8292a134636658759067818f848609a5d0991b,93642,235,90
https://www.ercot.com/files/docs/2022/10/05/Capacity%20Changes%20by%20Fuel%20Type%20Charts_September_2022.xlsx,Capacity Changes by Fuel Type Charts_September_2022.xlsx,2022-09-01,2da4fe96547d2f57c36f8febd3582d68d14027b6a5d9e0f621c2c1cdd39ee5a8,91569,300,110
https://www.ercot.com/files/docs/2022/10/05/Capacity%20Changes%20by%20Fuel%20Type%20Charts_September_2022_PlannedMonthly.xlsx,Capacity Changes by Fuel Type Charts_September_2022_PlannedMonthly.xlsx,2022-09-01,2998a11d76423f022e016661de6641f4b807598bb64c25daf21bde7d68eaecb4,93684,235,90
https://www.ercot.com/files/docs/2022/11/08/Capacity%20Changes%20by%20Fuel%20Type%20Charts_October_2022.xlsx,Capacity Changes by Fuel Type Charts_October_2022.xlsx,2022-10-01,67d7896e5aa73a93328e1d367c1ecb99a9160c0d392eca230f04b2e11fb80a86,93245,304,110
https://www.ercot.com/files/docs/2022/11/08/Capacity%20Changes%20by%20Fuel%20Type%20Charts_October_2022_PlannedMonthly.xlsx,Capacity Changes by Fuel Type Charts_October_2022_PlannedMonthly.xlsx,2022-10-01,da1557be664adaa0e076d82ba8736f428cb35d1254901e7bf8fcc8da0f467558,94033,242,90
https://www.ercot.com/files/docs/2022/12/06/Capacity%20Changes%20by%20Fuel%20Type%20Charts_November_2022.xlsx,Capacity Changes by Fuel Type Charts_November_2022.xlsx,2022-11-01,d4aa69d9260b78b48d7047be81885ffced192ac25143786b1bc53fc6bf74fb50,92646,309,110
https://www.ercot.com/files/docs/2022/12/06/Capacity%20Changes%20by%20Fuel%20Type%20Charts_November_2022_PlannedMonthly.xlsx,Capacity Changes by Fuel Type Charts_November_2022_PlannedMonthly.xlsx,2022-11-01,2379ba6460296cce015b112a01bd6adac3a30ac0cf880f2cf3b79540a6133d32,99744,302,90
https://www.ercot.com/files/docs/2023/01/05/Capacity%20Changes%20by%20Fuel%20Type%20Charts_December_2022_PlannedMonthly.xlsx,Capacity Changes by Fuel Type Charts_December_2022_PlannedMonthly.xlsx,2022-12-01,95eaeac77bdf79d96546fa5fa2f10b56ecd487bcb99e0f9cec3fcc99d0eba6a3,96411,255,90
https://www.ercot.com/files/docs/2023/01/05/Capacity_Changes_by_Fuel_Type_Charts_December_2022.xlsx,Capacity_Changes_by_Fuel_Type_Charts_December_2022.xlsx,2022-12-01,4a3d8cc6ded4f07e9ac87047dc3e4d096ac956b03c158f899a582fc20306877b,94644,315,110
https://www.ercot.com/files/docs/2023/02/07/Capacity%20Changes%20by%20Fuel%20Type%20Charts_January_2023.xlsx,Capacity Changes by Fuel Type Charts_January_2023.xlsx,2023-01-01,38a892fcd82e05ed5743117dfc5ca102cabe7f1675839b33bed71a1c33c8e06e,94690,319,110
https://www.ercot.com/files/docs/2023/02/07/Capacity%20Changes%20by%20Fuel%20Type%20Charts_January_2023_PlannedMonthly.xlsx,Capacity Changes by Fuel Type Charts_January_2023_PlannedMonthly.xlsx,2023-01-01,aa2354133b9cb7ef4de0a1e563dc2cc59dd4a4fd32b35c4518944bd3aa849ba2,95245,250,90
https://www.ercot.com/files/docs/2023/03/06/Capacity_Changes_by_Fuel_Type_Charts_February_2023.xlsx,Capacity_Changes_by_Fuel_Type_Charts_February_2023.xlsx,2023-02-01,438e8fc736e28921524631170e3418b78cee00f15d5a5408d62070484f14fd1d,95686,328,110
https://www.ercot.com/files/docs/2023/03/06/Capacity_Changes_by_Fuel_Type_Charts_February_2023_PlannedMonthly.xlsx,Capacity_Changes_by_Fuel_Type_Charts_February_2023_PlannedMonthly.xlsx,2023-02-01,225134ebd263dbcaee0ea2c85fe4b061c431b9e05e8850ae2b496df4c5640458,95959,255,90
https://www.ercot.com/files/docs/2023/04/07/Capacity-Changes-by-Fuel-Type-Charts-March-2023-PlannedMonthly.xlsx,Capacity-Changes-by-Fuel-Type-Charts-March-2023-PlannedMonthly.xlsx,2023-03-01,a62ae5fd835f08a51ad37618aa03edc339654bf21f853ea446a5897872a13cde,96664,256,90
https://www.ercot.com/files/docs/2023/04/07/Capacity-Changes-by-Fuel-Type-Charts-March-2023.xlsx,Capacity-Changes-by-Fuel-Type-Charts-March-2023.xlsx,2023-03-01,ca063878ce1b1a81bfd8be5c7dfbb8f840bbb63004148e863045be1037c3114d,96547,332,111
https://www.ercot.com/files/docs/2023/05/04/Capacity-Changes-by-Fuel-Type-Charts-April-2023-PlannedMonthly.xlsx,Capacity-Changes-by-Fuel-Type-Charts-April-2023-PlannedMonthly.xlsx,2023-04-01,83445d7de47e4dd862f35c367268b5ae8153a08749575170254ebaa0a2e22747,94618,256,90
https://www.ercot.com/files/docs/2023/05/04/Capacity-Changes-by-Fuel-Type-Charts-April-2023.xlsx,Capacity-Changes-by-Fuel-Type-Charts-April-2023.xlsx,2023-04-01,63b341abca08e7c1818b71dbb0fdc84da96ef372b70d7f86e50acdde1cb776d4,96259,336,111
https://www.ercot.com/files/docs/2023/06/02/Capacity-Changes-by-Fuel-Type-Charts_May_2023.xlsx,Capacity-Changes-by-Fuel-Type-Charts_May_2023.xlsx,2023-05-01,84bff5365575b1ed107aec138161d981d1213618031272f544bc44523005bfcc,97254,349,111
https://www.ercot.com/files/docs/2023/06/02/Capacity-Changes-by-Fuel-Type-Charts_May_2023_PlannedMonthly.xlsx,Capacity-Changes-by-Fuel-Type-Charts_May_2023_PlannedMonthly.xlsx,2023-05-01,d4bd08d634ff2efdf80e3cbcbf6d3be860c806462f70242eddea26ae89220184,96272,265,90
https://www.ercot.com/files/docs/2023/07/06/Capacity-Changes-by-Fuel-Type-Charts_June_2023.xlsx,Capacity-Changes-by-Fuel-Type-Charts_June_2023.xlsx,2023-06-01,47c4b97fb4a718a8975cc8a448f0cc52b40177db00a8c02a1ce3dcae4f9fc3b4,95928,358,111
https://www.ercot.com/files/docs/2023/07/06/Capacity-Changes-by-Fuel-Type-Charts_June_2023_PlannedMonthly.xlsx,Capacity-Changes-by-Fuel-Type-Charts_June_2023_PlannedMonthly.xlsx,2023-06-01,12389fd878f86340226d032686d86f69a17272cc19cb02f7671cc44d007cab18,94492,251,90
https://www.ercot.com/files/docs/2023/08/04/Capacity-Changes-by-Fuel-Type-Charts_July_2023.xlsx,Capacity-Changes-by-Fuel-Type-Charts_July_2023.xlsx,2023-07-01,18bed3fc323fb87a76ff0229fade8f3422aa96f872373876d0f4f5e2191db380,97294,356,115
https://www.ercot.com/files/docs/2023/08/04/Capacity-Changes-by-Fuel-Type-Charts_July_2023_PlannedMonthly.xlsx,Capacity-Changes-by-Fuel-Type-Charts_July_2023_PlannedMonthly.xlsx,2023-07-01,5185e655673ccaba52d8c5f71cc73ccc0be4bd840d628de2dd08d54da8c808e5,98720,283,90
https://www.ercot.com/files/docs/2023/09/07/capacity-changes-by-fuel-type-charts_august_2023.xlsx,capacity-changes-by-fuel-type-charts_august_2023.xlsx,2023-08-01,e7df42b1e9c3baf2dd4795d6af61f5e195d40b87e9dff4130c9bcbd505e304b3,100480,361,115
https://www.ercot.com/files/docs/2023/09/07/capacity-changes-by-fuel-type-charts_august_2023_plannedmonthly.xlsx,capacity-changes-by-fuel-type-charts_august_2023_plannedmonthly.xlsx,2023-08-01,5dc575d3e7b0419339b70d93f212a256bacac4d6d353f8f5b090b2c9110822c5,97979,285,90
https://www.ercot.com/files/docs/2023/10/05/Capacity_Changes_by_Fuel_Type_Charts_September_2023.xlsx,Capacity_Changes_by_Fuel_Type_Charts_September_2023.xlsx,2023-09-01,ebb658a6178ea9317c8deecd8078c6a66465796c06822423a77f992aa17f78fd,101432,372,115
https://www.ercot.com/files/docs/2023/10/05/Capacity_Changes_by_Fuel_Type_Charts_September_2023_PlannedMonthly.xlsx,Capacity_Changes_by_Fuel_Type_Charts_September_2023_PlannedMonthly.xlsx,2023-09-01,4d88419c6207732dcc08a636189b50883816344bb40aa9f1ac314a1aac2e1f04,97807,284,90
https://www.ercot.com/files/docs/2023/11/07/Capacity-Changes-by-Fuel-Type-Charts_October_2023.xlsx,Capacity-Changes-by-Fuel-Type-Charts_October_2023.xlsx,2023-10-01,c70625ab41cb6d3e6b931ad7ba2ed273aa46a921ea996395f5b66a0cf39a95ab,101937,379,115
https://www.ercot.com/files/docs/2023/11/07/Capacity-Changes-by-Fuel-Type-Charts_October_2023_PlannedMonthly.xlsx,Capacity-Changes-by-Fuel-Type-Charts_October_2023_PlannedMonthly.xlsx,2023-10-01,89a63dd534c2cfc770a3a8de51a972b3fc150a2be7cb8269fbddc05a8a34ccff,98149,282,90
https://www.ercot.com/files/docs/2023/11/13/Capacity%20Changes%20by%20Fuel%20Type%20Charts_October_2023_PlannedMonthly_Corrected.xlsx,Capacity Changes by Fuel Type Charts_October_2023_PlannedMonthly_Corrected.xlsx,2023-10-01,ebf5de77374cbec2286d8ed52dc577e4ff6f216b3a7719620911f45c5dd2d3a2,100513,282,90
https://www.ercot.com/files/docs/2023/11/13/Capacity-Changes-by-Fuel-Type-Charts_October_2023_Corrected.xlsx,Capacity-Changes-by-Fuel-Type-Charts_October_2023_Corrected.xlsx,2023-10-01,cc01847328337925ecc0e906262913f5d4ccac47b9cfd7ca5e8dae757b1e02b6,105059,379,115
https://www.ercot.com/files/docs/2023/12/06/Capacity%20Changes%20by%20Fuel%20Type%20Charts_November_2023.xlsx,Capacity Changes by Fuel Type Charts_November_2023.xlsx,2023-11-01,5f9c2fa77dbc7e8f64f04f88314e6d3c4f06e912c7b23793a025349224543e35,103781,399,117
https://www.ercot.com/files/docs/2023/12/06/Capacity%20Changes%20by%20Fuel%20Type%20Charts_November_2023_PlannedMonthly.xlsx,Capacity Changes by Fuel Type Charts_November_2023_PlannedMonthly.xlsx,2023-11-01,9df57794b8d613fea88c329f69a90edea99a2029eac895297c3813e71cf62cb5,96892,275,90
https://www.ercot.com/files/docs/2024/01/09/Capacity_Changes_by_Fuel_Type_Charts_December_2023.xlsx,Capacity_Changes_by_Fuel_Type_Charts_December_2023.xlsx,2023-12-01,5be9c36a1636aba52cf24a346e145d7d44fe45aae01aa373b887fa33af4a2a5c,104038,401,117
https://www.ercot.com/files/docs/2024/01/09/Capacity_Changes_by_Fuel_Type_Charts_December_2023_PlannedMonthly.xlsx,Capacity_Changes_by_Fuel_Type_Charts_December_2023_PlannedMonthly.xlsx,2023-12-01,a0a43fd7499f9440f5e6b3fcd6348906199eaf98133054795b9c339693e9ad8f,98769,281,90
https://www.ercot.com/files/docs/2024/02/06/Capacity-Changes-by-Fuel-Type-Charts_January_2024.xlsx,Capacity-Changes-by-Fuel-Type-Charts_January_2024.xlsx,2024-01-01,3cd093d8b4b661dff65bf2d0d6784f8a2a73fa1f324dc9da9c672a6dc092d357,105149,407,119
https://www.ercot.com/files/docs/2024/02/06/Capacity-Changes-by-Fuel-Type-Charts_January_2024_PlannedMonthly.xlsx,Capacity-Changes-by-Fuel-Type-Charts_January_2024_PlannedMonthly.xlsx,2024-01-01,45c83701b79e7127c9293c946a39028ee3c2f55aa27e964246b18478840ca1f8,101352,289,90
https://www.ercot.com/files/docs/2024/03/06/Capacity_Changes_by_Fuel_Type_Charts_February_2024.xlsx,Capacity_Changes_by_Fuel_Type_Charts_February_2024.xlsx,2024-02-01,15f20bacddb29d8184fb09dcf8e6d684d49e94578fd577727fcf691459896a82,99366,307,122
https://www.ercot.com/files/docs/2024/03/06/Capacity_Changes_by_Fuel_Type_Charts_February_2024_PlannedMonthly.xlsx,Capacity_Changes_by_Fuel_Type_Charts_February_2024_PlannedMonthly.xlsx,2024-02-01,29d53632c949d15fe7da73b2f81eb1cccc399409cb75b723caafe01da1138c22,90700,192,90
https://www.ercot.com/files/docs/2024/04/05/Capacity%20Changes%20by%20Fuel%20Type%20Charts_March_2024.xlsx,Capacity Changes by Fuel Type Charts_March_2024.xlsx,2024-03-01,f7e2c13fc1a795247c2f382596c60ce31f78cc1efe049e17adaed3b9c4df064c,100730,305,121
https://www.ercot.com/files/docs/2024/04/05/Capacity%20Changes%20by%20Fuel%20Type%20Charts_March_2024_PlannedMonthly.xlsx,Capacity Changes by Fuel Type Charts_March_2024_PlannedMonthly.xlsx,2024-03-01,97610d44e95b00bea8bb5612f0567563ebc344e490fddf001b3e5de03bedc8db,91131,189,90
https://www.ercot.com/files/docs/2024/05/06/Capacity%20Changes%20by%20Fuel%20Type%20Charts_April_2024.xlsx,Capacity Changes by Fuel Type Charts_April_2024.xlsx,2024-04-01,d76537f1b5f51f44a14466c78a291a079c95e348cb8a6761d6a44513c970029a,101788,317,123
https://www.ercot.com/files/docs/2024/05/06/Capacity%20Changes%20by%20Fuel%20Type%20Charts_April_2024_PlannedMonthly.xlsx,Capacity Changes by Fuel Type Charts_April_2024_PlannedMonthly.xlsx,2024-04-01,43478aec6e949a93b940f18dff53c99f18d4e824951f3113499aad68372c566d,96286,202,90
https://www.ercot.com/files/docs/2024/06/06/Capacity-Changes-by-Fuel-Type-Charts_May_2024.xlsx,Capacity-Changes-by-Fuel-Type-Charts_May_2024.xlsx,2024-05-01,d3bc6d99fd073fa13ee6aacb3553cce34ed7e46a2aeade0f69ab3fd1364b0096,101560,324,125
https://www.ercot.com/files/docs/2024/06/06/Capacity-Changes-by-Fuel-Type-Charts_May_2024_PlannedMonthly.xlsx,Capacity-Changes-by-Fuel-Type-Charts_May_2024_PlannedMonthly.xlsx,2024-05-01,9393d1f3c610753d4fc63948d5a7eb7cc7f80ff688e5428e4a0a179c26c86355,95540,199,90
https://www.ercot.com/files/docs/2024/07/03/Capacity%20Changes%20by%20Fuel%20Type%20Charts_June_2024.xlsx,Capacity Changes by Fuel Type Charts_June_2024.xlsx,2024-06-01,abeabc6bc135c7f8b70fac78a667255bcd00f3413795571ddec5493a4efe5a65,104133,332,122
https://www.ercot.com/files/docs/2024/07/03/Capacity%20Changes%20by%20Fuel%20Type%20Charts_June_2024_PlannedMonthly.xlsx,Capacity Changes by Fuel Type Charts_June_2024_PlannedMonthly.xlsx,2024-06-01,8e3d807eaa649dea420a65acb0679e4b8945ee74147349b3a31d0051e9b9d705,94789,191,90
https://www.ercot.com/files/docs/2024/08/06/Capacity-Changes-by%20Fuel-Type-Charts_July_2024_PlannedMonthly.xlsx,Capacity-Changes-by Fuel-Type-Charts_July_2024_PlannedMonthly.xlsx,2024-07-01,a2a97ae3381f9d7a69d7bf15d51887e4a96434141cb12691cedbbf570e1e26d5,95818,200,90
https://www.ercot.com/files/docs/2024/08/06/Capacity-Changes-by-Fuel-Type-Charts_July_2024.xlsx,Capacity-Changes-by-Fuel-Type-Charts_July_2024.xlsx,2024-07-01,897a67b7fcde160dbab9bcb55c2d86fde467504c2af23d3ee5c89798e2ad8a37,102373,342,123
https://www.ercot.com/files/docs/2024/09/06/Capacity-Changes-by-Fuel-Type-Charts_August_2024.xlsx,Capacity-Changes-by-Fuel-Type-Charts_August_2024.xlsx,2024-08-01,b6c20eac4e77d1713185416ff2455fd8feb7563dcb04775aabfb9cfaae1444a0,104509,356,123
https://www.ercot.com/files/docs/2024/09/06/Capacity-Changes-by-Fuel-Type-Charts_August_2024_PlannedMonthly.xlsx,Capacity-Changes-by-Fuel-Type-Charts_August_2024_PlannedMonthly.xlsx,2024-08-01,19b59585b9d068e7c1834ee51a317c41d95720c599dada2432671f5b6ddacd03,95743,199,90
https://www.ercot.com/files/docs/2024/10/04/Capacity-Changes-by-Fuel-Type-Charts_September_2024.xlsx,Capacity-Changes-by-Fuel-Type-Charts_September_2024.xlsx,2024-09-01,88d4190be2ba4ee534961e469158d045b9ef8664635c7173bca887b2864ca4d0,104761,357,123
https://www.ercot.com/files/docs/2024/10/04/Capacity-Changes-by-Fuel-Type-Charts_September_2024_PlannedMonthly.xlsx,Capacity-Changes-by-Fuel-Type-Charts_September_2024_PlannedMonthly.xlsx,2024-09-01,48118f03fc0515b696015ce228314cef7121706958607c389f7294a41ee83034,96983,196,90
https://www.ercot.com/files/docs/2024/11/05/Capacity-Changes-by-Fuel-Type-Charts_October_2024.xlsx,Capacity-Changes-by-Fuel-Type-Charts_October_2024.xlsx,2024-10-01,8f4e3d671f563dd1b1766a72a7ef87681633aeecae1d1fb72d56b057278197db,106036,370,124
https://www.ercot.com/files/docs/2024/11/05/Capacity-Changes-by-Fuel-Type-Charts_October_2024_PlannedMonthly.xlsx,Capacity-Changes-by-Fuel-Type-Charts_October_2024_PlannedMonthly.xlsx,2024-10-01,7393655547896bfd2db954fd3b73145b75274e973d40e727f16377245b07609c,97620,203,90
https://www.ercot.com/files/docs/2024/12/06/Capacity%20Changes%20by%20Fuel%20Type%20Charts_November_2024.xlsx,Capacity Changes by Fuel Type Charts_November_2024.xlsx,2024-11-01,65662b798cb620f53182e872b467918755e7248e7cd2e48734a4e87c87f08b2d,104928,359,124
https://www.ercot.com/files/docs/2024/12/06/Capacity%20Changes%20by%20Fuel%20Type%20Charts_November_2024_PlannedMonthly.xlsx,Capacity Changes by Fuel Type Charts_November_2024_PlannedMonthly.xlsx,2024-11-01,4ac8d499f3cb45158a70dff193013796076b8deacbf1dbc449e1718593e00629,96470,186,90
https://www.ercot.com/files/docs/2025/01/08/capacity-changes-by-fuel-type-charts_december_2024.xlsx,capacity-changes-by-fuel-type-charts_december_2024.xlsx,2024-12-01,9b5781c9e5310859bd6a0b60fa59cd277e5ce7403e6d0585bb32f949355edf80,105407,363,125
https://www.ercot.com/files/docs/2025/01/08/capacity-changes-by-fuel-type-charts_december_2024_plannedmonthly.xlsx,capacity-changes-by-fuel-type-charts_december_2024_plannedmonthly.xlsx,2024-12-01,f14f949a4859ae283bc199dd78b833ec0fff962d5cb1d0522db4b79d6ca8d6cf,97097,193,90
https://www.ercot.com/files/docs/2025/02/07/Capacity%20Changes%20by%20Fuel%20Type%20Charts_January_2025.xlsx,Capacity Changes by Fuel Type Charts_January_2025.xlsx,2025-01-01,202bc4ce7771f031874e16798b580fb8e3f2d82ed5a1b32f0e4e35e859a624df,105024,358,125
https://www.ercot.com/files/docs/2025/02/07/Capacity%20Changes%20by%20Fuel%20Type%20Charts_January_2025_PlannedMonthly.xlsx,Capacity Changes by Fuel Type Charts_January_2025_PlannedMonthly.xlsx,2025-01-01,1548c4803efa5017b50dbc0a5ef65f90a6afd076f5a6543ebb9198882a7e3916,97096,211,90
https://www.ercot.com/files/docs/2025/03/07/CapacityChangesbyFuelTypeCharts_February_2025.xlsx,CapacityChangesbyFuelTypeCharts_February_2025.xlsx,2025-02-01,50253fdb72f6a40962ae56a0dcb886a66a1691bb7d8f97c38454fa8e2570cb5b,106741,380,126
https://www.ercot.com/files/docs/2025/03/07/CapacityChangesbyFuelTypeCharts_February_2025_PlannedMonthly.xlsx,CapacityChangesbyFuelTypeCharts_February_2025_PlannedMonthly.xlsx,2025-02-01,ea2b19e33de5456ad4e5c72616acf3f4ea7f65167c8295ff0c760eb38a90d248,99009,212,90
https://www.ercot.com/files/docs/2025/04/04/Capacity-Changes-by-Fuel-Type-Charts_March_2025.xlsx,Capacity-Changes-by-Fuel-Type-Charts_March_2025.xlsx,2025-03-01,8f66f637d79b41bcc924bb58090113ca5678cf7e7dcbba5d61151004977f9fb0,107812,408,128
https://www.ercot.com/files/docs/2025/04/04/Capacity-Changes-by-Fuel-Type-Charts_March_2025_PlannedMonthly.xlsx,Capacity-Changes-by-Fuel-Type-Charts_March_2025_PlannedMonthly.xlsx,2025-03-01,5fc6c36c73d85b6389fe9194349019a3e1314537ff8bba08c266be7d6d0f7c67,94478,219,90
https://www.ercot.com/files/docs/2025/05/09/Capacity-Changes-by-Fuel-Type-Charts_April_2025.xlsx,Capacity-Changes-by-Fuel-Type-Charts_April_2025.xlsx,2025-04-01,8ee3fbd4a85ec384e5d64baa71469351be7da4b9d29fb30575057a279170bc44,109737,414,128
https://www.ercot.com/files/docs/2025/05/09/Capacity-Changes-by-Fuel-Type-Charts_April_2025_PlannedMonthly.xlsx,Capacity-Changes-by-Fuel-Type-Charts_April_2025_PlannedMonthly.xlsx,2025-04-01,8fee9092693ca7054bf2f2eb436cbd8f83ff9b4db04a73dc6372ada931242a88,93175,208,90
https://www.ercot.com/files/docs/2025/06/06/Capacity-Changes-by-Fuel-Type-Charts_May_2025.xlsx,Capacity-Changes-by-Fuel-Type-Charts_May_2025.xlsx,2025-05-01,541bb7612298b285eca422ea06d018e36004a2f7a1506ce7e8940f94aa96e209,110611,422,130
https://www.ercot.com/files/docs/2025/06/06/Capacity-Changes-by-Fuel-Type-Charts_May_2025_PlannedMonthly.xlsx,Capacity-Changes-by-Fuel-Type-Charts_May_2025_PlannedMonthly.xlsx,2025-05-01,50d32492439c0dc282c0191d2dafe5d950e437895042e3db145871fe56ff4e93,92194,201,90
https://www.ercot.com/files/docs/2025/07/09/Capacity-Changes-by-Fuel-Type-Charts_June_2025.xlsx,Capacity-Changes-by-Fuel-Type-Charts_June_2025.xlsx,2025-06-01,6163f2fef606670470168d04118294c07f09d7c78bfe7c140a371e51972a6a8f,110279,426,130
https://www.ercot.com/files/docs/2025/07/09/Capacity-Changes-by-Fuel-Type-Charts_June_2025_PlannedMonthly.xlsx,Capacity-Changes-by-Fuel-Type-Charts_June_2025_PlannedMonthly.xlsx,2025-06-01,6bb02eaaab579fc24a88ea13526457df2090cf260ca36c88c23745a66c212b52,91638,191,90
https://www.ercot.com/files/docs/2025/08/08/Capacity-Changes-by-Fuel-Type-Charts_July_2025.xlsx,Capacity-Changes-by-Fuel-Type-Charts_July_2025.xlsx,2025-07-01,a5b135830d20c5f0a2bcea892d8f01b012fe54cdf928ebd406de132bbcc05d3f,111003,431,130
https://www.ercot.com/files/docs/2025/08/08/Capacity-Changes-by-Fuel-Type-Charts_July_2025_PlannedMonthly.xlsx,Capacity-Changes-by-Fuel-Type-Charts_July_2025_PlannedMonthly.xlsx,2025-07-01,a2fdbf4c75e7d060f5ee75ca508d1d018a0530ef198645510d5a3056c6b5468f,93304,206,90
https://www.ercot.com/files/docs/2025/09/09/Capacity-Changes-by-Fuel-Type-Charts_August_2025.xlsx,Capacity-Changes-by-Fuel-Type-Charts_August_2025.xlsx,2025-08-01,45d378b91f303082e5eab7a1644cc511378dc1d7e087610e895c1babbe6e0718,112107,443,130
https://www.ercot.com/files/docs/2025/09/09/Capacity-Changes-by-Fuel-Type-Charts_August_2025_PlannedMonthly.xlsx,Capacity-Changes-by-Fuel-Type-Charts_August_2025_PlannedMonthly.xlsx,2025-08-01,28ebce8c59f968d64777bdbe66f180c1358637060624aa12c9baddbc1e42662b,92972,200,90
https://www.ercot.com/files/docs/2025/10/08/Capacity-Changes-by-Fuel-Type-Charts_September_2025.xlsx,Capacity-Changes-by-Fuel-Type-Charts_September_2025.xlsx,2025-09-01,efa662795da005dc2ddeb56769b31870cdd300d69a9496f35bc813f1bd27af4f,111966,443,130
https://www.ercot.com/files/docs/2025/10/08/Capacity-Changes-by-Fuel-Type-Charts_September_2025_PlannedMonthly.xlsx,Capacity-Changes-by-Fuel-Type-Charts_September_2025_PlannedMonthly.xlsx,2025-09-01,146aca4531f012bfb33c4d3502bc0dcb2be86ca4b0153f7e7d7520f2e16e1902,91616,185,90
https://www.ercot.com/files/docs/2025/11/06/Capacity-Changes-by-Fuel-Type-Charts_October_2025.xlsx,Capacity-Changes-by-Fuel-Type-Charts_October_2025.xlsx,2025-10-01,77339280971713ff569a05a1b1ae7d912885edf149c2d04937f2057e1a3a3ec0,112346,446,130
https://www.ercot.com/files/docs/2025/11/06/Capacity-Changes-by-Fuel-Type-Charts_October_2025_PlannedMonthly.xlsx,Capacity-Changes-by-Fuel-Type-Charts_October_2025_PlannedMonthly.xlsx,2025-10-01,1c08a1076ddbd65d599015b0067341bf942565226dfc56bc27cc175916ce5476,92297,190,90
https://www.ercot.com/files/docs/2025/12/04/Capacity-Changes-by-Fuel-Type-Charts_November_2025.xlsx,Capacity-Changes-by-Fuel-Type-Charts_November_2025.xlsx,2025-11-01,a0f1f651ce9eef0c631db154c738f759212ddb68321ce83d09da110a61b93c2c,112033,439,131
https://www.ercot.com/files/docs/2025/12/04/Capacity-Changes-by-Fuel-Type-Charts_November_2025_PlannedMonthly.xlsx,Capacity-Changes-by-Fuel-Type-Charts_November_2025_PlannedMonthly.xlsx,2025-11-01,72afa0696d4e78a8aaaeeac3e16e2d42f0356d683d855ae31cdbafb6a2b9f556,92935,194,90
https://www.ercot.com/files/docs/2026/01/08/Capacity-Changes-by-Fuel-Type-Charts_December_2025.xlsx,Capacity-Changes-by-Fuel-Type-Charts_December_2025.xlsx,2025-12-01,acb4e59c8cf97c0b48c078c744d2e93cb1773a121e936485661d131e2736a6b6,111888,441,129
https://www.ercot.com/files/docs/2026/01/08/Capacity-Changes-by-Fuel-Type-Charts_December_2025_PlannedMonthly.xlsx,Capacity-Changes-by-Fuel-Type-Charts_December_2025_PlannedMonthly.xlsx,2025-12-01,3b615a2e7615e7e31e20d8978ead860d797ce8352125fc6aacedb48f0000c882,92169,185,90
https://www.ercot.com/files/docs/2026/02/05/Capacity-Changes-by-Fuel-Type-Charts_January_2026.xlsx,Capacity-Changes-by-Fuel-Type-Charts_January_2026.xlsx,2026-01-01,6ea4d6a2da1c93c93a1fe7a698d40584810fc2bfd56d2023be11f904535fd3a3,116513,469,140
https://www.ercot.com/files/docs/2026/02/05/Capacity-Changes-by-Fuel-Type-Charts_January_2026_PlannedMonthly.xlsx,Capacity-Changes-by-Fuel-Type-Charts_January_2026_PlannedMonthly.xlsx,2026-01-01,dbe977d16e22f27956ef228d6112a11da6412a2592647b723cf23cc98835a66c,92315,197,90
https://www.ercot.com/files/docs/2026/03/05/Capacity-Changes-by-Fuel-Type-Charts_February_2026.xlsx,Capacity-Changes-by-Fuel-Type-Charts_February_2026.xlsx,2026-02-01,a81ad341dd40f41d8cbbc569221f86aaec8c64c7baa4e5070704c17646623f81,115665,462,140
https://www.ercot.com/files/docs/2026/03/05/Capacity-Changes-by-Fuel-Type-Charts_February_2026_PlannedMonthly.xlsx,Capacity-Changes-by-Fuel-Type-Charts_February_2026_PlannedMonthly.xlsx,2026-02-01,2725b2bdd2fca96ea26d0f10f63b3c0c79536d4ca1142d3c94208c3153a57b79,93088,191,90
https://www.ercot.com/files/docs/2026/04/07/Capacity-Changes-by-Fuel-Type-Charts_March_2026.xlsx,Capacity-Changes-by-Fuel-Type-Charts_March_2026.xlsx,2026-03-01,1261a5e392ae1f444530c639e6f61d5259eca770b0e47ce0a56c8264f6f98631,115804,464,139
https://www.ercot.com/files/docs/2026/04/07/Capacity-Changes-by-Fuel-Type-Charts_March_2026_PlannedMonthly.xlsx,Capacity-Changes-by-Fuel-Type-Charts_March_2026_PlannedMonthly.xlsx,2026-03-01,ed37c88c79671302146802a9f36bc54fed362d5dd624e1db505e6a06cd9aa1a4,93682,198,90
https://www.ercot.com/files/docs/2026/05/05/Capacity-Changes-by-Fuel-Type-Charts_April_2026.xlsx,Capacity-Changes-by-Fuel-Type-Charts_April_2026.xlsx,2026-04-01,5ae61b8b72fb9a9f5bde228e60a897ff591e75a233449b20123f5ee9550470e7,114759,455,139
https://www.ercot.com/files/docs/2026/05/05/Capacity-Changes-by-Fuel-Type-Charts_April_2026_PlannedMonthly.xlsx,Capacity-Changes-by-Fuel-Type-Charts_April_2026_PlannedMonthly.xlsx,2026-04-01,ed21ccd9a739fd8c3442a18912a6101eba2f8858d84b7946a0ba61f89fb7133b,93380,200,90
https://www.ercot.com/files/docs/2026/06/03/Capacity-Changes-by-Fuel-Type-Charts_May_2026.xlsx,Capacity-Changes-by-Fuel-Type-Charts_May_2026.xlsx,2026-05-01,d7d034177097ba2a93d605848715356b51d3bb4b579a60dda9322a199f1c334f,115811,455,139
https://www.ercot.com/files/docs/2026/06/03/Capacity-Changes-by-Fuel-Type-Charts_May_2026_PlannedMonthly.xlsx,Capacity-Changes-by-Fuel-Type-Charts_May_2026_PlannedMonthly.xlsx,2026-05-01,ebbe1e8f47c14dca90317fa4892b937831d5e8ae08316fd9d2a4c41f64bb2d0d,94166,205,90
https://www.ercot.com/files/docs/2026/07/07/Capacity-Changes-by-Fuel-Type-Charts_June_2026.xlsx,Capacity-Changes-by-Fuel-Type-Charts_June_2026.xlsx,2026-06-01,9dd545e9c3552cfec9d4525988c25bd4b9b367fbeff4d08061a549c500ae7178,115734,459,139
https://www.ercot.com/files/docs/2026/07/07/Capacity-Changes-by-Fuel-Type-Charts_June_2026_PlannedMonthly.xlsx,Capacity-Changes-by-Fuel-Type-Charts_June_2026_PlannedMonthly.xlsx,2026-06-01,f4a56b90342a77879febc05b1353b958358f6f406bbc0d0fbf90aa67c8a6a023,93562,201,90
https://www.ercot.com/files/docs/2026/08/07/Capacity-Changes-by-Fuel-Type-Charts_July_2026.xlsx,Capacity-Changes-by-Fuel-Type-Charts_July_2026.xlsx,2026-07-01,c393be4ba1a753ad4d7cd1b97e7d543f98a9d7dce2a8a156def5bd5f7a928ff1,115980,454,142
https://www.ercot.com/files/docs/2026/08/07/Capacity-Changes-by-Fuel-Type-Charts_July_2026_PlannedMonthly.xlsx,Capacity-Changes-by-Fuel-Type-Charts_July_2026_PlannedMonthly.xlsx,2026-07-01,47dc9675ba749d15d9834ebc1964da93a81e482e80c07bbe80404032b49a25a1,95498,227,90
