reader,source,member,sourceSha256,bytes,sourceRows,rowsDecoded
np3-560-cd/7d_load_fcast_by_fzn,work/history-middle-2020/NP3-560-CD.zip/698822255.cdr.00012311.0000000000000000.20200131.233001.LFCCONGESTNP3560_csv.zip,cdr.00012311.0000000000000000.20200131.233000.LFCCONGESTNP3560.csv,6609c47d4a9baeb48790cc32acdfb55336c7f3bc996a1eafbe9df309140216a4,23380,192,192
np3-908-er/2d_agg_dam_min_esc_west,work/history-middle-2020/NP3-908-ER.zip/698694258.ext.00013054.0000000000000000.20200131.033445026.2_Day_DAM_and_SCED_Energy_Curves.zip,2d_Agg_Min_Energy_Supply_Curves_West-31-JAN-20.csv,d7252778d11d06d8d8e79a96da94d18a10b7c8d7747b10dbbb14c6c7efa6ea7f,9510,307,307
np3-908-er/2d_agg_dam_min_esc_south,work/history-middle-2020/NP3-908-ER.zip/698694258.ext.00013054.0000000000000000.20200131.033445026.2_Day_DAM_and_SCED_Energy_Curves.zip,2d_Agg_Min_Energy_Supply_Curves_South-31-JAN-20.csv,7c582f6ef4d27972c58803ddd25885e82edc229dfdade6a3e8fc0d66ed1be48c,23889,721,721
np3-908-er/2d_agg_dam_min_esc_north,work/history-middle-2020/NP3-908-ER.zip/698694258.ext.00013054.0000000000000000.20200131.033445026.2_Day_DAM_and_SCED_Energy_Curves.zip,2d_Agg_Min_Energy_Supply_Curves_North-31-JAN-20.csv,0c50e329c4cfbdd2aacf45b7a3af737069b4101ad1c03b0a276fc86d07006ef0,30706,950,950
np3-908-er/2d_agg_dam_min_esc_houston,work/history-middle-2020/NP3-908-ER.zip/698694258.ext.00013054.0000000000000000.20200131.033445026.2_Day_DAM_and_SCED_Energy_Curves.zip,2d_Agg_Min_Energy_Supply_Curves_Houston-31-JAN-20.csv,7adadbcf23c706bf472817ad29e8c55567426e6cb6fee65864c78298342931b3,9476,302,302
np3-908-er/2d_agg_dam_min_esc,work/history-middle-2020/NP3-908-ER.zip/698694258.ext.00013054.0000000000000000.20200131.033445026.2_Day_DAM_and_SCED_Energy_Curves.zip,2d_Agg_Min_Energy_Supply_Curves-31-JAN-20.csv,8d30422f0863e597860cafccb2401540626f2fa05b084343efbafe784ea51c3a,71494,2142,2142
np3-908-er/2d_agg_esc_nonirr,work/history-middle-2020/NP3-908-ER.zip/698694258.ext.00013054.0000000000000000.20200131.033445026.2_Day_DAM_and_SCED_Energy_Curves.zip,2d_Agg_Supply_Curves_Non_IRR-31-JAN-20.csv,39600d16de8a324065ab9110ce4eaf10035d41a398fe91a5cbc78ea4a853259f,44166883,888096,888096
np3-908-er/2d_agg_esc_wind,work/history-middle-2020/NP3-908-ER.zip/698694258.ext.00013054.0000000000000000.20200131.033445026.2_Day_DAM_and_SCED_Energy_Curves.zip,2d_Agg_Supply_Curves_Wind-31-JAN-20.csv,e3d8b482a54d8e70551a29f519368589cdde05901a2a084f7a75f5e4206759ab,43337176,888096,888096
np3-908-er/2d_agg_dam_esc,work/history-middle-2020/NP3-908-ER.zip/698694258.ext.00013054.0000000000000000.20200131.033445026.2_Day_DAM_and_SCED_Energy_Curves.zip,2d_Agg_Energy_Supply_Curves-31-JAN-20.csv,4a7041c993723d6038564b54810f5df6e1daee479baca78f59ca65b65febcff4,9140207,222024,222024
np3-908-er/2d_agg_esc_wind_west,work/history-middle-2020/NP3-908-ER.zip/698694258.ext.00013054.0000000000000000.20200131.033445026.2_Day_DAM_and_SCED_Energy_Curves.zip,2d_Agg_Supply_Curves_Wind_West-31-JAN-20.csv,9c886d04e2034b50ea053a515409d1e119782789c6b6b49ab287fcf51cae5a02,43182399,888096,888096
np3-908-er/2d_agg_esc_wind_south,work/history-middle-2020/NP3-908-ER.zip/698694258.ext.00013054.0000000000000000.20200131.033445026.2_Day_DAM_and_SCED_Energy_Curves.zip,2d_Agg_Supply_Curves_Wind_South-31-JAN-20.csv,a7a6f4e15794ea846ecdaa603632a45791ab99cbeff19d6d8207cf382272ea63,42829749,888096,888096
np3-908-er/2d_agg_esc_wind_north,work/history-middle-2020/NP3-908-ER.zip/698694258.ext.00013054.0000000000000000.20200131.033445026.2_Day_DAM_and_SCED_Energy_Curves.zip,2d_Agg_Supply_Curves_Wind_North-31-JAN-20.csv,29c03483e72054bc3f63886a9a0af04511d47c3499c077997e780af0d98c8601,42220664,888096,888096
np3-908-er/2d_agg_esc_wind_houston,work/history-middle-2020/NP3-908-ER.zip/698694258.ext.00013054.0000000000000000.20200131.033445026.2_Day_DAM_and_SCED_Energy_Curves.zip,2d_Agg_Supply_Curves_Wind_Houston-31-JAN-20.csv,ad398754da5f6d4b23f60d8d599411535dd5f20a3e68efffedd1d5d9bb3748fd,41217506,888096,888096
np3-908-er/2d_agg_esc_nonirr_west,work/history-middle-2020/NP3-908-ER.zip/698694258.ext.00013054.0000000000000000.20200131.033445026.2_Day_DAM_and_SCED_Energy_Curves.zip,2d_Agg_Supply_Curves_Non_IRR_West-31-JAN-20.csv,a2f35349efe3ac536b5bca3f399be85b7337ac029d06c1563f1cb14bb2fc2e00,43059293,888096,888096
np3-908-er/2d_agg_esc_nonirr_south,work/history-middle-2020/NP3-908-ER.zip/698694258.ext.00013054.0000000000000000.20200131.033445026.2_Day_DAM_and_SCED_Energy_Curves.zip,2d_Agg_Supply_Curves_Non_IRR_South-31-JAN-20.csv,9bb3cd7a4bab32cc1857d89423fee9332c298647ec6c7d45c210ff77c70e3f9c,44037925,888096,888096
np3-908-er/2d_agg_esc_nonirr_north,work/history-middle-2020/NP3-908-ER.zip/698694258.ext.00013054.0000000000000000.20200131.033445026.2_Day_DAM_and_SCED_Energy_Curves.zip,2d_Agg_Supply_Curves_Non_IRR_North-31-JAN-20.csv,5eaaa82d819e869be2c7818283f34bdeae77bfee08a9b38271115646ae17efc5,44144799,888096,888096
np3-908-er/2d_agg_esc_nonirr_houston,work/history-middle-2020/NP3-908-ER.zip/698694258.ext.00013054.0000000000000000.20200131.033445026.2_Day_DAM_and_SCED_Energy_Curves.zip,2d_Agg_Supply_Curves_Non_IRR_Houston-31-JAN-20.csv,025e86b7acd8c1825ed726692e8f7b510213ff7b4b4433d4abff8a9fd90041d4,43073076,888096,888096
np3-908-er/2d_agg_dam_esc_west,work/history-middle-2020/NP3-908-ER.zip/698694258.ext.00013054.0000000000000000.20200131.033445026.2_Day_DAM_and_SCED_Energy_Curves.zip,2d_Agg_Energy_Supply_Curves_West-31-JAN-20.csv,d0bad9cc1ecd0a3133e89beab0db1a4c306262167c0c878466f00ee031235920,8927969,222024,222024
np3-908-er/2d_agg_dam_esc_south,work/history-middle-2020/NP3-908-ER.zip/698694258.ext.00013054.0000000000000000.20200131.033445026.2_Day_DAM_and_SCED_Energy_Curves.zip,2d_Agg_Energy_Supply_Curves_South-31-JAN-20.csv,70f3fdb829bcae87e7a827ab07f474a552ae5947cdf76e0e21587afcd07c9475,9120719,222024,222024
np3-908-er/2d_agg_dam_esc_north,work/history-middle-2020/NP3-908-ER.zip/698694258.ext.00013054.0000000000000000.20200131.033445026.2_Day_DAM_and_SCED_Energy_Curves.zip,2d_Agg_Energy_Supply_Curves_North-31-JAN-20.csv,7708019ab86d0ee35bcc6df01ef938eebd7f0d6d4ad56536ac65494ecbc473d8,9114703,222024,222024
np3-908-er/2d_agg_dam_esc_houston,work/history-middle-2020/NP3-908-ER.zip/698694258.ext.00013054.0000000000000000.20200131.033445026.2_Day_DAM_and_SCED_Energy_Curves.zip,2d_Agg_Energy_Supply_Curves_Houston-31-JAN-20.csv,37a1f181f7cd1de1eb49317bba826cfa5f7fe65589db6707bda53a1cb93e9bed,8903271,222024,222024
np3-908-er/2d_agg_edc_clr,work/history-middle-2020/NP3-908-ER.zip/698694258.ext.00013054.0000000000000000.20200131.033445026.2_Day_DAM_and_SCED_Energy_Curves.zip,2d_Agg_Energy_Demand_Curves_CLR-31-JAN-20.csv,d0c182dff23ac8ba56406159fb506f1981f58ac7e19409017958c790abf2a11c,52,0,0
np3-908-er/2d_agg_dam_edc_west,work/history-middle-2020/NP3-908-ER.zip/698694258.ext.00013054.0000000000000000.20200131.033445026.2_Day_DAM_and_SCED_Energy_Curves.zip,2d_Agg_Energy_Demand_Curves_West-31-JAN-20.csv,35a08e95115462d1891dac94dd4274d98fb30edd7c8333227fb7fb7fda2d724d,6349411,187824,187824
np3-908-er/2d_agg_dam_edc_south,work/history-middle-2020/NP3-908-ER.zip/698694258.ext.00013054.0000000000000000.20200131.033445026.2_Day_DAM_and_SCED_Energy_Curves.zip,2d_Agg_Energy_Demand_Curves_South-31-JAN-20.csv,0cd3ee4214fef3261c878620c302cdeb518b8e63651bf2d0b632cda57a8e4ead,8807582,244800,244800
np3-908-er/2d_agg_dam_edc_north,work/history-middle-2020/NP3-908-ER.zip/698694258.ext.00013054.0000000000000000.20200131.033445026.2_Day_DAM_and_SCED_Energy_Curves.zip,2d_Agg_Energy_Demand_Curves_North-31-JAN-20.csv,8da007242b84a8191832fc1badf9704e68f60c49f257b513c41c4153dcb35a45,7664261,244800,244800
np3-908-er/2d_agg_dam_edc_houston,work/history-middle-2020/NP3-908-ER.zip/698694258.ext.00013054.0000000000000000.20200131.033445026.2_Day_DAM_and_SCED_Energy_Curves.zip,2d_Agg_Energy_Demand_Curves_Houston-31-JAN-20.csv,9dad37fc6fbf0455ccc6d94c9c52a5006e588bd139bf99d5e76d6b37f7592ebe,5805781,169824,169824
np3-908-er/2d_agg_dam_edc,work/history-middle-2020/NP3-908-ER.zip/698694258.ext.00013054.0000000000000000.20200131.033445026.2_Day_DAM_and_SCED_Energy_Curves.zip,2d_Agg_Energy_Demand_Curves-31-JAN-20.csv,1bdaeb4f9403dbfa175717250c5b6019e72da2e95693a60e9bae24476e02c3ff,8795577,244800,244800
np3-908-er/2d_agg_esc_pvgr,work/history-middle-2020/NP3-908-ER.zip/698694258.ext.00013054.0000000000000000.20200131.033445026.2_Day_DAM_and_SCED_Energy_Curves.zip,2d_Agg_Supply_Curves_PVGR-31-JAN-20.csv,857819b2e0cc5a8b772a9289dcac96418b0daf4bed59bc6d0c035f73ccba888c,41084251,888096,888096
np3-911-er/2d_cleared_dam_as_rrsload,work/history-middle-2020/NP3-911-ER.zip/698693027.ext.00013057.0000000000000000.20200131.031942395.2_Day_AS_Disclosure.zip,2d_Cleared_DAM_AS_RRSLOAD-31-JAN-20.csv,1f6ba851425ccba1878d2bb93649f3de50eb1603dd81601d1f330403480f1632,671,24,24
np3-911-er/2d_cleared_dam_as_rrsgen,work/history-middle-2020/NP3-911-ER.zip/698693027.ext.00013057.0000000000000000.20200131.031942395.2_Day_AS_Disclosure.zip,2d_Cleared_DAM_AS_RRSGEN-31-JAN-20.csv,39c5f4818d8d2b8b2c8fabf2aed0e992e9ed536c8ed1d31b4a8b7a4e175dfd49,688,24,24
np3-911-er/2d_cleared_dam_as_nspin,work/history-middle-2020/NP3-911-ER.zip/698693027.ext.00013057.0000000000000000.20200131.031942395.2_Day_AS_Disclosure.zip,2d_Cleared_DAM_AS_NSPIN-31-JAN-20.csv,7039ece87da5e6d05aa5077f8442386619d1e733c6fc4a3f13fa910491b5f3e4,654,24,24
np3-911-er/2d_cleared_dam_as_regdn,work/history-middle-2020/NP3-911-ER.zip/698693027.ext.00013057.0000000000000000.20200131.031942395.2_Day_AS_Disclosure.zip,2d_Cleared_DAM_AS_REGDN-31-JAN-20.csv,ee6b8ad7465f6bcaa0282312ce4283c6488966c5c104d6651efd1be94185e410,672,24,24
np3-911-er/2d_cleared_dam_as_regup,work/history-middle-2020/NP3-911-ER.zip/698693027.ext.00013057.0000000000000000.20200131.031942395.2_Day_AS_Disclosure.zip,2d_Cleared_DAM_AS_REGUP-31-JAN-20.csv,b36b1d285f60c4e01f06b58926012c442934f0c793242ccbb8799e2a3eab7894,660,24,24
np3-911-er/2d_self_arranged_as_rrsload,work/history-middle-2020/NP3-911-ER.zip/698693027.ext.00013057.0000000000000000.20200131.031942395.2_Day_AS_Disclosure.zip,2d_Self_Arranged_AS_RRSLOAD-31-JAN-20.csv,252e1fdf8ecbebf9a0c16c097b72ddb9635be9504233c4703438818eee2169fe,675,24,24
np3-911-er/2d_self_arranged_as_rrsgen,work/history-middle-2020/NP3-911-ER.zip/698693027.ext.00013057.0000000000000000.20200131.031942395.2_Day_AS_Disclosure.zip,2d_Self_Arranged_AS_RRSGEN-31-JAN-20.csv,71c1a645fbb973c527582cc4ac572401473a8a374c93ef40964b83856e36047c,628,24,24
np3-911-er/2d_self_arranged_as_nspin,work/history-middle-2020/NP3-911-ER.zip/698693027.ext.00013057.0000000000000000.20200131.031942395.2_Day_AS_Disclosure.zip,2d_Self_Arranged_AS_NSPIN-31-JAN-20.csv,039203c50c4af4123f6d0d0c0fdae17a96a810e2a1a7688f4ecac411f6804670,608,24,24
np3-911-er/2d_self_arranged_as_regdn,work/history-middle-2020/NP3-911-ER.zip/698693027.ext.00013057.0000000000000000.20200131.031942395.2_Day_AS_Disclosure.zip,2d_Self_Arranged_AS_REGDN-31-JAN-20.csv,2520c874f85608b78bf688f0911d31ed3d0be48df9d745ab07f16df7b27882a6,631,24,24
np3-911-er/2d_self_arranged_as_regup,work/history-middle-2020/NP3-911-ER.zip/698693027.ext.00013057.0000000000000000.20200131.031942395.2_Day_AS_Disclosure.zip,2d_Self_Arranged_AS_REGUP-31-JAN-20.csv,f39c001b5e1f613a9886895dc0c0f35e6ccce8d6ccaa7d596c28c6299a14e5e3,619,24,24
np3-911-er/2d_agg_as_offers_rrsnc,work/history-middle-2020/NP3-911-ER.zip/698693027.ext.00013057.0000000000000000.20200131.031942395.2_Day_AS_Disclosure.zip,2d_Agg_AS_Offers_RRSNC-31-JAN-20.csv,635b4625093bb87965a6b2aa13523245f1d39ab19d709261ba6a38ad1413e9b8,1613,48,48
np3-911-er/2d_agg_as_offers_rrsld,work/history-middle-2020/NP3-911-ER.zip/698693027.ext.00013057.0000000000000000.20200131.031942395.2_Day_AS_Disclosure.zip,2d_Agg_AS_Offers_RRSLD-31-JAN-20.csv,70088585691715ed7542b03489059bd60326b77f72d90f30b60bb0207cb3e326,63,0,0
np3-911-er/2d_agg_as_offers_rrsgn,work/history-middle-2020/NP3-911-ER.zip/698693027.ext.00013057.0000000000000000.20200131.031942395.2_Day_AS_Disclosure.zip,2d_Agg_AS_Offers_RRSGN-31-JAN-20.csv,ac5f7561548d420dcf5264b9e1fe9a5c85f801b1cf957de99d0f978e542f021b,54881,1664,1664
np3-911-er/2d_agg_as_offers_offns,work/history-middle-2020/NP3-911-ER.zip/698693027.ext.00013057.0000000000000000.20200131.031942395.2_Day_AS_Disclosure.zip,2d_Agg_AS_Offers_OFFNS-31-JAN-20.csv,5fd6f2c6f1f0237f5ad789bfc07693ad380aa849ccc478f1f5a868e23c977044,41863,1266,1266
np3-911-er/2d_agg_as_offers_onns,work/history-middle-2020/NP3-911-ER.zip/698693027.ext.00013057.0000000000000000.20200131.031942395.2_Day_AS_Disclosure.zip,2d_Agg_AS_Offers_ONNS-31-JAN-20.csv,38e9d7b7301041743751cf8ce863d9cbac2b69b7ece8d8d7fcaaf05b6799ce1c,16416,514,514
np3-911-er/2d_agg_as_offers_regdn,work/history-middle-2020/NP3-911-ER.zip/698693027.ext.00013057.0000000000000000.20200131.031942395.2_Day_AS_Disclosure.zip,2d_Agg_AS_Offers_REGDN-31-JAN-20.csv,57bbd96b67ade97432f3338f80cd2f6a990c7e2b74fb33ba22e07398d0d1340e,48151,1472,1472
np3-911-er/2d_agg_as_offers_regup,work/history-middle-2020/NP3-911-ER.zip/698693027.ext.00013057.0000000000000000.20200131.031942395.2_Day_AS_Disclosure.zip,2d_Agg_AS_Offers_REGUP-31-JAN-20.csv,f687a50cfa5980ee59060c8b46f55d58661b2df8186b9dd795e583304bc4ad3f,46033,1412,1412
np3-965-er/60_load_res_data_in_sced,work/history-middle-2020/NP3-965-ER.zip/698699627.ext.00013052.0000000000000000.20200131.043452665.60_Day_SCED_Disclosure.zip,60d_Load_Resource_Data_in_SCED-31-JAN-20.csv,830a275df68b41677b0fc7d09d434d51d4d4e1eb393f37396f178635dbae4bdd,13157262,43008,43008
np3-965-er/60_sced_gen_res_data,work/history-middle-2020/NP3-965-ER.zip/698699627.ext.00013052.0000000000000000.20200131.043452665.60_Day_SCED_Disclosure.zip,60d_SCED_Gen_Resource_Data-31-JAN-20.csv,f376d85c1c81e7ecc2e62b1935c17e3ffe5927ae9a517b2fe61732a1cd60ed10,52323994,61056,61056
np3-965-er/60_sced_smne_gen_res,work/history-middle-2020/NP3-965-ER.zip/698699627.ext.00013052.0000000000000000.20200131.043452665.60_Day_SCED_Disclosure.zip,60d_SCED_SMNE_GEN_RES-31-JAN-20.csv,37037bc6331336f2361520edba901146b446015b8c07c61ba93f5c9cf0f57140,4300144,86400,86400
np3-965-er/60_sced_dsr_load_data,work/history-middle-2020/NP3-965-ER.zip/698699627.ext.00013052.0000000000000000.20200131.043452665.60_Day_SCED_Disclosure.zip,60d_SCED_DSR_Load_Data-31-JAN-20.csv,3b157892742ecd8d9abced8330566e85cb1969be1dc2a61aab407ed7f2b36c33,519010,13344,13344
np3-965-er/60_sced_qse_self_arranged_as,work/history-middle-2020/NP3-965-ER.zip/698699627.ext.00013052.0000000000000000.20200131.043452665.60_Day_SCED_Disclosure.zip,60d_SCED_QSE_Self_Arranged_AS-31-JAN-20.csv,f4b9f7be65b7eeb2701833670230d91f6a720ca5d76f8a90f8bb8dd63d3adb05,228245,3744,3744
np3-965-er/60_hdl_ldl_man_override,work/history-middle-2020/NP3-965-ER.zip/698699627.ext.00013052.0000000000000000.20200131.043452665.60_Day_SCED_Disclosure.zip,60d_HDL_LDL_ManOverride-31-JAN-20.csv,1c0e3b7b3ae2f5991dc97ee06ad04c28c6f9a36658f2a80946a95c78bd794e7e,167,0,0
np3-966-er/60_dam_ptp_obl_opt,work/history-middle-2020/NP3-966-ER.zip/698698411.ext.00013051.0000000000000000.20200131.041953981.60_Day_DAM_Disclosure.zip,60d_DAM_PTP_Obligation_Option-31-JAN-20.csv,2ee0517462c6b6a7c813500b7a2dc37023f310d94a46aa31c0c25fec8ecf0972,768327,8855,8855
np3-966-er/60_dam_energy_bid_awards,work/history-middle-2020/NP3-966-ER.zip/698698411.ext.00013051.0000000000000000.20200131.041953981.60_Day_DAM_Disclosure.zip,60d_DAM_EnergyBidAwards-31-JAN-20.csv,27ecdb91e7c174a8ca62fa60fedf2915c1b48a498cd3620679fe29a146b77a22,604483,10081,10081
np3-966-er/60_dam_energy_bids,work/history-middle-2020/NP3-966-ER.zip/698698411.ext.00013051.0000000000000000.20200131.041953981.60_Day_DAM_Disclosure.zip,60d_DAM_EnergyBids-31-JAN-20.csv,b999a4e91ef6217598b8746edf62aebf20190581010d390ac328c7924f3987e8,1229602,10081,10081
np3-966-er/60_dam_energy_only_offer_awards,work/history-middle-2020/NP3-966-ER.zip/698698411.ext.00013051.0000000000000000.20200131.041953981.60_Day_DAM_Disclosure.zip,60d_DAM_EnergyOnlyOfferAwards-31-JAN-20.csv,7f86a641ebf352b53d75da4d2a55be9132e8ebfccdcea89ae22791200a596ab4,508611,8287,8287
np3-966-er/60_dam_energy_only_offers,work/history-middle-2020/NP3-966-ER.zip/698698411.ext.00013051.0000000000000000.20200131.041953981.60_Day_DAM_Disclosure.zip,60d_DAM_EnergyOnlyOffers-31-JAN-20.csv,b5f71746e2f7327df91adebecbbaa81104bac6c7158b36d5e9154fc70631d522,1021184,8287,8287
np3-966-er/60_dam_load_res_as_offers,work/history-middle-2020/NP3-966-ER.zip/698698411.ext.00013051.0000000000000000.20200131.041953981.60_Day_DAM_Disclosure.zip,60d_DAM_Load_Resource_ASOffers-31-JAN-20.csv,30230b917bc02bdcaa561ce15f2614aaafae168b0250687381e7dce31c78b57e,1071101,7231,7231
np3-966-er/60_dam_load_res_data,work/history-middle-2020/NP3-966-ER.zip/698698411.ext.00013051.0000000000000000.20200131.041953981.60_Day_DAM_Disclosure.zip,60d_DAM_Load_Resource_Data-31-JAN-20.csv,7532bfa0f950f25e6b4f02d3117b2b18ca110ccafe95d3509379ab1e4732458e,793521,10560,10560
np3-966-er/60_dam_gen_res_as_offers,work/history-middle-2020/NP3-966-ER.zip/698698411.ext.00013051.0000000000000000.20200131.041953981.60_Day_DAM_Disclosure.zip,60d_DAM_Generation_Resource_ASOffers-31-JAN-20.csv,d7ed8001fc73227db12cf582b8a18ec0939f57707556f3bbad51582b4a6a4bb0,727257,4618,4618
np3-966-er/60_dam_gen_res_data,work/history-middle-2020/NP3-966-ER.zip/698698411.ext.00013051.0000000000000000.20200131.041953981.60_Day_DAM_Disclosure.zip,60d_DAM_Gen_Resource_Data-31-JAN-20.csv,2098d34ffb5b2a2d537eb9731b83146e549efa98068e5f8a07548b4af17d6042,3865348,20136,20136
np3-966-er/60_dam_qse_self_as,work/history-middle-2020/NP3-966-ER.zip/698698411.ext.00013051.0000000000000000.20200131.041953981.60_Day_DAM_Disclosure.zip,60d_DAM_QSE_Self_Arranged_AS-31-JAN-20.csv,589eff7667f8e4d5e248dd9c066f8c90f3495272c4fd08b14ba0adce20e1051c,47572,936,936
np3-966-er/60_dam_ptp_obl_bid_awards,work/history-middle-2020/NP3-966-ER.zip/698698411.ext.00013051.0000000000000000.20200131.041953981.60_Day_DAM_Disclosure.zip,60d_DAM_PTPObligationBidAwards-31-JAN-20.csv,606d74e37e6603ec2adb95f0782fa3687c5da5f18bbb1ed1cf4bf2f506dfeabb,7687691,104414,104414
np3-966-er/60_dam_ptp_obl_bids,work/history-middle-2020/NP3-966-ER.zip/698698411.ext.00013051.0000000000000000.20200131.041953981.60_Day_DAM_Disclosure.zip,60d_DAM_PTPObligationBids-31-JAN-20.csv,b2e4e63a406b2637f94a7a210d2e7be6558ed65f43669212d5651bf69d251771,8092711,104414,104414
np3-966-er/60_dam_ptp_obl_opt_awards,work/history-middle-2020/NP3-966-ER.zip/698698411.ext.00013051.0000000000000000.20200131.041953981.60_Day_DAM_Disclosure.zip,60d_DAM_PTP_Obligation_OptionAwards-31-JAN-20.csv,ccc1b87dafdaea28148d6bf2a516c8ab23001bcdc669ebd8520bfeeec112d746,741586,8855,8855
np3-991-ex/60_cop_all_updates,work/history-middle-2020/NP3-991-EX.zip/698706908.ext.00015943.0000000000000000.20200131.052054194.60_Day_COP_Disclosure.zip,60d_Complete_COP-31-JAN-20.csv,9a68b8a7e2254b97130aa5deca3fe2d95be86bb8572e421a4287f9cce04e0ce4,99098863,636888,636888
np4-732-cd/wpp_hrly_avrg_actl_fcast,work/history-middle-2020/NP4-732-CD.zip/698824711.cdr.00013028.0000000000000000.20200131.235518045.WPPHRLYAVGACTNP4732_csv.zip,cdr.00013028.0000000000000000.20200131.235517.WPPHRLYAVGACTNP4732.csv,c1022c57b0c202302aca72ad693f4566340c5d909d5b589d3c2dcae559f4db44,22872,216,216
np3-560-cd/7d_load_fcast_by_fzn,work/history-middle-2023/NP3-560-CD.zip/940606303.cdr.00012311.0000000000000000.20230831.233002.LFCCONGESTNP3560_csv.zip,cdr.00012311.0000000000000000.20230831.233002.LFCCONGESTNP3560.csv,d22dc18492ed5e3cbc8735c13d5354575d8697d2df7ef946da47eabc2de4c9f3,23117,192,192
np3-908-er/2d_agg_esc_pvgr_houston,work/history-middle-2023/NP3-908-ER.zip/940412340.ext.00013054.0000000000000000.20230831.041108411.2_Day_DAM_and_SCED_Energy_Curves.zip,2d_Agg_Supply_Curves_PVGR_Houston-31-AUG-23.csv,27e0d6fda0978bdeb321da50402e943a466a9da2a7ab9b1fb85799264bfc9dbc,22325248,504096,504096
np3-908-er/2d_agg_esc_pvgr_north,work/history-middle-2023/NP3-908-ER.zip/940412340.ext.00013054.0000000000000000.20230831.041108411.2_Day_DAM_and_SCED_Energy_Curves.zip,2d_Agg_Supply_Curves_PVGR_North-31-AUG-23.csv,b3dcc18222c0515f168a25dad13989363df4281a90d6826a58ee9bd2b258e5b7,23359725,504096,504096
np3-908-er/2d_agg_esc_pvgr_south,work/history-middle-2023/NP3-908-ER.zip/940412340.ext.00013054.0000000000000000.20230831.041108411.2_Day_DAM_and_SCED_Energy_Curves.zip,2d_Agg_Supply_Curves_PVGR_South-31-AUG-23.csv,ffbac5cce17f0bff18105374a9b6191a8c506351f4df6dab3d5efc2fa82316ea,22072094,504096,504096
np3-908-er/2d_agg_esc_pvgr_west,work/history-middle-2023/NP3-908-ER.zip/940412340.ext.00013054.0000000000000000.20230831.041108411.2_Day_DAM_and_SCED_Energy_Curves.zip,2d_Agg_Supply_Curves_PVGR_West-31-AUG-23.csv,f7ce8147d754e39599bf8bb73ff524e5133b5cd15d6240ecbfec431100697913,22098319,504096,504096
np3-908-er/2d_agg_esc_pvgr,work/history-middle-2023/NP3-908-ER.zip/940412340.ext.00013054.0000000000000000.20230831.041108411.2_Day_DAM_and_SCED_Energy_Curves.zip,2d_Agg_Supply_Curves_PVGR-31-AUG-23.csv,3a33f4ecf4a1ac992820d65b810d9500f0c08829d970042f20d21024333b8f45,23582923,504096,504096
np3-908-er/2d_agg_edc_clr_houston,work/history-middle-2023/NP3-908-ER.zip/940412340.ext.00013054.0000000000000000.20230831.041108411.2_Day_DAM_and_SCED_Energy_Curves.zip,2d_Agg_Energy_Demand_Curves_CLR_Houston-31-AUG-23.csv,38e07563c8d3b0bb970dfbf3d7ce6b4509335d2ac5b988e9f8172b4c5efcaf8e,23361280,504096,504096
np3-908-er/2d_agg_edc_clr_north,work/history-middle-2023/NP3-908-ER.zip/940412340.ext.00013054.0000000000000000.20230831.041108411.2_Day_DAM_and_SCED_Energy_Curves.zip,2d_Agg_Energy_Demand_Curves_CLR_North-31-AUG-23.csv,ba0402a893767595da3f417fd84e33a6063f48f747cefd2ab4735b29c8744f8a,23962487,504096,504096
np3-908-er/2d_agg_edc_clr_south,work/history-middle-2023/NP3-908-ER.zip/940412340.ext.00013054.0000000000000000.20230831.041108411.2_Day_DAM_and_SCED_Energy_Curves.zip,2d_Agg_Energy_Demand_Curves_CLR_South-31-AUG-23.csv,0ffaf84c76e5d8eb2965889759a67368dd43afbe343cc58508318a8b193e6a53,31047250,672000,672000
np3-908-er/2d_agg_edc_clr_west,work/history-middle-2023/NP3-908-ER.zip/940412340.ext.00013054.0000000000000000.20230831.041108411.2_Day_DAM_and_SCED_Energy_Curves.zip,2d_Agg_Energy_Demand_Curves_CLR_West-31-AUG-23.csv,2c289e8102d57edc2a18a9e29dc86fe3ffb21e547fc02f173c4db3055e18559e,30865600,672000,672000
np3-908-er/2d_agg_dam_edc,work/history-middle-2023/NP3-908-ER.zip/940412340.ext.00013054.0000000000000000.20230831.041108411.2_Day_DAM_and_SCED_Energy_Curves.zip,2d_Agg_Energy_Demand_Curves-31-AUG-23.csv,27a0811395371711acf77bf8ce25ce6008477dc285614c2322b71f0f0611a3d4,5072010,134586,134586
np3-908-er/2d_agg_dam_edc_houston,work/history-middle-2023/NP3-908-ER.zip/940412340.ext.00013054.0000000000000000.20230831.041108411.2_Day_DAM_and_SCED_Energy_Curves.zip,2d_Agg_Energy_Demand_Curves_Houston-31-AUG-23.csv,fff09129084f2e8d1625d7d6ccb73093b9c07f99b94fc4876d48ff711c51a719,3999199,114370,114370
np3-908-er/2d_agg_dam_edc_north,work/history-middle-2023/NP3-908-ER.zip/940412340.ext.00013054.0000000000000000.20230831.041108411.2_Day_DAM_and_SCED_Energy_Curves.zip,2d_Agg_Energy_Demand_Curves_North-31-AUG-23.csv,ce2d840d9faa9fe0a94073c31e91d0e17bf6e1b33e6f657c4a8433122d880c8d,3767669,110951,110951
np3-908-er/2d_agg_dam_edc_south,work/history-middle-2023/NP3-908-ER.zip/940412340.ext.00013054.0000000000000000.20230831.041108411.2_Day_DAM_and_SCED_Energy_Curves.zip,2d_Agg_Energy_Demand_Curves_South-31-AUG-23.csv,35201a95a41cff23e6aa6e3f9f9617ac8f9c406f3f14f230a198cc5ae9580f9c,4581446,127803,127803
np3-908-er/2d_agg_dam_edc_west,work/history-middle-2023/NP3-908-ER.zip/940412340.ext.00013054.0000000000000000.20230831.041108411.2_Day_DAM_and_SCED_Energy_Curves.zip,2d_Agg_Energy_Demand_Curves_West-31-AUG-23.csv,c727e5926c91f7c7ceebe70f17118bf399c2f6edd51b36ef0651241dbfe3fca5,4542715,126524,126524
np3-908-er/2d_agg_edc_clr,work/history-middle-2023/NP3-908-ER.zip/940412340.ext.00013054.0000000000000000.20230831.041108411.2_Day_DAM_and_SCED_Energy_Curves.zip,2d_Agg_Energy_Demand_Curves_CLR-31-AUG-23.csv,22f9cb9905f8ed7f30efb5ada6d41295dee3fd522a1d14e35d049202663eaecd,32294897,672000,672000
np3-908-er/2d_agg_dam_esc_houston,work/history-middle-2023/NP3-908-ER.zip/940412340.ext.00013054.0000000000000000.20230831.041108411.2_Day_DAM_and_SCED_Energy_Curves.zip,2d_Agg_Energy_Supply_Curves_Houston-31-AUG-23.csv,b672f2d1bc5eac322e5e4f1be8dff57227fa221169b47231af31a0d0638420d8,4936534,126024,126024
np3-908-er/2d_agg_dam_esc_north,work/history-middle-2023/NP3-908-ER.zip/940412340.ext.00013054.0000000000000000.20230831.041108411.2_Day_DAM_and_SCED_Energy_Curves.zip,2d_Agg_Energy_Supply_Curves_North-31-AUG-23.csv,9cb5e2ea1a88dbca4de9d6c6993ed9b16539758d2b45e340d79f89b462e1a923,5128522,126024,126024
np3-908-er/2d_agg_dam_esc_south,work/history-middle-2023/NP3-908-ER.zip/940412340.ext.00013054.0000000000000000.20230831.041108411.2_Day_DAM_and_SCED_Energy_Curves.zip,2d_Agg_Energy_Supply_Curves_South-31-AUG-23.csv,ff4db6c544463aec7a8c1568af44d55557c52b88e44588ab8f0cdbdfd859f67d,5130973,126024,126024
np3-908-er/2d_agg_dam_esc_west,work/history-middle-2023/NP3-908-ER.zip/940412340.ext.00013054.0000000000000000.20230831.041108411.2_Day_DAM_and_SCED_Energy_Curves.zip,2d_Agg_Energy_Supply_Curves_West-31-AUG-23.csv,d0a95030cbc40d9e774b9259be9bb886b8964d2e51f7fcd9b5f3f313037569ff,5024847,126024,126024
np3-908-er/2d_agg_esc_nonirr_houston,work/history-middle-2023/NP3-908-ER.zip/940412340.ext.00013054.0000000000000000.20230831.041108411.2_Day_DAM_and_SCED_Energy_Curves.zip,2d_Agg_Supply_Curves_Non_IRR_Houston-31-AUG-23.csv,1369d2db5bf3852e3f1ca66fdbfbf6beae635a0aca6233f72a32ca354c5dcab3,24760385,504096,504096
np3-908-er/2d_agg_esc_nonirr_north,work/history-middle-2023/NP3-908-ER.zip/940412340.ext.00013054.0000000000000000.20230831.041108411.2_Day_DAM_and_SCED_Energy_Curves.zip,2d_Agg_Supply_Curves_Non_IRR_North-31-AUG-23.csv,694369eb9508c022ca671bd40dca399bda9dcc373e4b4fdd4a748037091a5906,24853218,504096,504096
np3-908-er/2d_agg_esc_nonirr_south,work/history-middle-2023/NP3-908-ER.zip/940412340.ext.00013054.0000000000000000.20230831.041108411.2_Day_DAM_and_SCED_Energy_Curves.zip,2d_Agg_Supply_Curves_Non_IRR_South-31-AUG-23.csv,c8d9610dab1bdbf2e76cae19806ebc4755e39819396deb41b62cab2c9030f476,25006584,504096,504096
np3-908-er/2d_agg_esc_nonirr_west,work/history-middle-2023/NP3-908-ER.zip/940412340.ext.00013054.0000000000000000.20230831.041108411.2_Day_DAM_and_SCED_Energy_Curves.zip,2d_Agg_Supply_Curves_Non_IRR_West-31-AUG-23.csv,1d9a95e1dbe4360e7c5370994797c6de731c06702d3940b9fdcf50acdc1eff65,24287745,504096,504096
np3-908-er/2d_agg_esc_wind_houston,work/history-middle-2023/NP3-908-ER.zip/940412340.ext.00013054.0000000000000000.20230831.041108411.2_Day_DAM_and_SCED_Energy_Curves.zip,2d_Agg_Supply_Curves_Wind_Houston-31-AUG-23.csv,f60b7b5843e37e6da16ee76b6b50c5878b257713d64773976f2cee6b52391036,21176977,493594,493594
np3-908-er/2d_agg_esc_wind_north,work/history-middle-2023/NP3-908-ER.zip/940412340.ext.00013054.0000000000000000.20230831.041108411.2_Day_DAM_and_SCED_Energy_Curves.zip,2d_Agg_Supply_Curves_Wind_North-31-AUG-23.csv,9830ec45c715053f42bbc393526b9097e73351e2caa76367fdf4688bec4155e6,23859729,504096,504096
np3-908-er/2d_agg_esc_wind_south,work/history-middle-2023/NP3-908-ER.zip/940412340.ext.00013054.0000000000000000.20230831.041108411.2_Day_DAM_and_SCED_Energy_Curves.zip,2d_Agg_Supply_Curves_Wind_South-31-AUG-23.csv,ee2100fe617c4b27a93109d34830af6d947c43c7bc7fab895fe8a80306a29dfe,23966082,504096,504096
np3-908-er/2d_agg_esc_wind_west,work/history-middle-2023/NP3-908-ER.zip/940412340.ext.00013054.0000000000000000.20230831.041108411.2_Day_DAM_and_SCED_Energy_Curves.zip,2d_Agg_Supply_Curves_Wind_West-31-AUG-23.csv,e812215bcacde0f90ea77780b2d332d47492e28444184e981abf98735c136a6f,24259236,504096,504096
np3-908-er/2d_agg_dam_esc,work/history-middle-2023/NP3-908-ER.zip/940412340.ext.00013054.0000000000000000.20230831.041108411.2_Day_DAM_and_SCED_Energy_Curves.zip,2d_Agg_Energy_Supply_Curves-31-AUG-23.csv,34f670526b35f77101bd30efad272c4f5ac93307cd9bdf49b4be3ed3cb01c78c,5135310,126024,126024
np3-908-er/2d_agg_esc_wind,work/history-middle-2023/NP3-908-ER.zip/940412340.ext.00013054.0000000000000000.20230831.041108411.2_Day_DAM_and_SCED_Energy_Curves.zip,2d_Agg_Supply_Curves_Wind-31-AUG-23.csv,61829d061b3812dcdbe989fabc54c94f4851d03666f7e3f7efa13a7265c73933,24326808,504096,504096
np3-908-er/2d_agg_esc_nonirr,work/history-middle-2023/NP3-908-ER.zip/940412340.ext.00013054.0000000000000000.20230831.041108411.2_Day_DAM_and_SCED_Energy_Curves.zip,2d_Agg_Supply_Curves_Non_IRR-31-AUG-23.csv,ad32327e9da5c5446d87b792114ef093cc96635e9a8dec0f62c4477351a955ad,25009634,504096,504096
np3-908-er/2d_agg_dam_min_esc,work/history-middle-2023/NP3-908-ER.zip/940412340.ext.00013054.0000000000000000.20230831.041108411.2_Day_DAM_and_SCED_Energy_Curves.zip,2d_Agg_Min_Energy_Supply_Curves-31-AUG-23.csv,916b91a91d0a6ef74ea0a36a3cb7bc75cc5f8703f3784c96c3e02d8984b59388,65680,1966,1966
np3-908-er/2d_agg_dam_min_esc_houston,work/history-middle-2023/NP3-908-ER.zip/940412340.ext.00013054.0000000000000000.20230831.041108411.2_Day_DAM_and_SCED_Energy_Curves.zip,2d_Agg_Min_Energy_Supply_Curves_Houston-31-AUG-23.csv,d3e200b54bd35822c2d1343f45fece7f49ce6e149b1648ee642f7b6ad78c585e,11306,365,365
np3-908-er/2d_agg_dam_min_esc_north,work/history-middle-2023/NP3-908-ER.zip/940412340.ext.00013054.0000000000000000.20230831.041108411.2_Day_DAM_and_SCED_Energy_Curves.zip,2d_Agg_Min_Energy_Supply_Curves_North-31-AUG-23.csv,8b39c63c0f66a04aa6dac3011095944923fdc6e9bcfb9acc89afd3d14d1fc4a0,23888,754,754
np3-908-er/2d_agg_dam_min_esc_south,work/history-middle-2023/NP3-908-ER.zip/940412340.ext.00013054.0000000000000000.20230831.041108411.2_Day_DAM_and_SCED_Energy_Curves.zip,2d_Agg_Min_Energy_Supply_Curves_South-31-AUG-23.csv,3c656ba4d1dcb8f637ec08d31691b956e4861c8fc5cad8e86263e44e675ab0c3,24961,782,782
np3-908-er/2d_agg_dam_min_esc_west,work/history-middle-2023/NP3-908-ER.zip/940412340.ext.00013054.0000000000000000.20230831.041108411.2_Day_DAM_and_SCED_Energy_Curves.zip,2d_Agg_Min_Energy_Supply_Curves_West-31-AUG-23.csv,ea7765a3855b7910bddefbaa0919ca02bebef5ac53a85cc5a68ca0f98ada5c32,10037,317,317
np3-911-er/2d_self_arranged_as_nspnm,work/history-middle-2023/NP3-911-ER.zip/940410046.ext.00013057.0000000000000000.20230831.035553849.2_Day_AS_Disclosure.zip,2d_Self_Arranged_AS_NSPNM-31-AUG-23.csv,61c5b0681ccd61d723ca9071ba61b4bc583a4d22aa6dce745ad2f0b7230c79cd,582,24,24
np3-911-er/2d_agg_as_offers_rrspfr,work/history-middle-2023/NP3-911-ER.zip/940410046.ext.00013057.0000000000000000.20230831.035553849.2_Day_AS_Disclosure.zip,2d_Agg_AS_Offers_RRSPFR-31-AUG-23.csv,55e37d7d43df7ebc32bb54eaf3aef0fbc6c737c06be88c6afa8aa7d4906c9691,86234,2573,2573
np3-911-er/2d_agg_as_offers_rrsufr,work/history-middle-2023/NP3-911-ER.zip/940410046.ext.00013057.0000000000000000.20230831.035553849.2_Day_AS_Disclosure.zip,2d_Agg_AS_Offers_RRSUFR-31-AUG-23.csv,3ab53530b98fee82b767b40b5b92a321341ffb0950c1f1541b009d65ec41218e,802,24,24
np3-911-er/2d_agg_as_offers_rrsffr,work/history-middle-2023/NP3-911-ER.zip/940410046.ext.00013057.0000000000000000.20230831.035553849.2_Day_AS_Disclosure.zip,2d_Agg_AS_Offers_RRSFFR-31-AUG-23.csv,6644f2c4f1e943e4c224dd8450522146122e25d1b437a503da4e5bd4454700cd,2626,82,82
np3-911-er/2d_cleared_dam_as_rrspfr,work/history-middle-2023/NP3-911-ER.zip/940410046.ext.00013057.0000000000000000.20230831.035553849.2_Day_AS_Disclosure.zip,2d_Cleared_DAM_AS_RRSPFR-31-AUG-23.csv,2093267d6310b7c371e1b9db1b02e296a61ec4ce03d2a128a034889d814b8061,695,24,24
np3-911-er/2d_cleared_dam_as_rrsufr,work/history-middle-2023/NP3-911-ER.zip/940410046.ext.00013057.0000000000000000.20230831.035553849.2_Day_AS_Disclosure.zip,2d_Cleared_DAM_AS_RRSUFR-31-AUG-23.csv,7f610b024f8430d9c266efe566ac87c694166a4abd05020437184d1a96c191e2,671,24,24
np3-911-er/2d_cleared_dam_as_rrsffr,work/history-middle-2023/NP3-911-ER.zip/940410046.ext.00013057.0000000000000000.20230831.035553849.2_Day_AS_Disclosure.zip,2d_Cleared_DAM_AS_RRSFFR-31-AUG-23.csv,20067a3676f7f85a8d9cf5ec798b0a1f5f45bd2e5526349e3b7558d089822e2f,612,24,24
np3-911-er/2d_self_arranged_as_rrspfr,work/history-middle-2023/NP3-911-ER.zip/940410046.ext.00013057.0000000000000000.20230831.035553849.2_Day_AS_Disclosure.zip,2d_Self_Arranged_AS_RRSPFR-31-AUG-23.csv,7f52f1105d4537cf8bd98e4d10545fe0c0c75e55e778cd4a78382beabb1adc98,677,24,24
np3-911-er/2d_self_arranged_as_rrsufr,work/history-middle-2023/NP3-911-ER.zip/940410046.ext.00013057.0000000000000000.20230831.035553849.2_Day_AS_Disclosure.zip,2d_Self_Arranged_AS_RRSUFR-31-AUG-23.csv,8950aa6b73f2ec12e6b5c7a090abdbee9327125fe67668b411ecba19ed8aaa04,673,24,24
np3-911-er/2d_self_arranged_as_rrsffr,work/history-middle-2023/NP3-911-ER.zip/940410046.ext.00013057.0000000000000000.20230831.035553849.2_Day_AS_Disclosure.zip,2d_Self_Arranged_AS_RRSFFR-31-AUG-23.csv,30270b2f7b1c5cde4e13032cdd763839f243f7ca8eefab0e1dc30ef9a008447f,583,24,24
np3-911-er/2d_agg_as_offers_ecrsm,work/history-middle-2023/NP3-911-ER.zip/940410046.ext.00013057.0000000000000000.20230831.035553849.2_Day_AS_Disclosure.zip,2d_Agg_AS_Offers_ECRSM-31-AUG-23.csv,64cca45c250b43bcf579cd745a1afc18624a9e823d8170b7556eb34fc5760af1,1115,35,35
np3-911-er/2d_agg_as_offers_ecrss,work/history-middle-2023/NP3-911-ER.zip/940410046.ext.00013057.0000000000000000.20230831.035553849.2_Day_AS_Disclosure.zip,2d_Agg_AS_Offers_ECRSS-31-AUG-23.csv,df4d4fb8096ee6adfb263e4d12c0bfddce9c607fbec8b8ae33275629d1c12a4b,84707,2516,2516
np3-911-er/2d_cleared_dam_as_ecrsm,work/history-middle-2023/NP3-911-ER.zip/940410046.ext.00013057.0000000000000000.20230831.035553849.2_Day_AS_Disclosure.zip,2d_Cleared_DAM_AS_ECRSM-31-AUG-23.csv,c76a06e0745c59e09596e7ad910d50b0629e1b062cfc0b2506299d689adcfdb5,668,24,24
np3-911-er/2d_cleared_dam_as_ecrss,work/history-middle-2023/NP3-911-ER.zip/940410046.ext.00013057.0000000000000000.20230831.035553849.2_Day_AS_Disclosure.zip,2d_Cleared_DAM_AS_ECRSS-31-AUG-23.csv,f087f05aa5387fe1bb447a1c928bca677de61b6cf7bc2415f2dbd81dcdbba260,692,24,24
np3-911-er/2d_self_arranged_as_ecrsm,work/history-middle-2023/NP3-911-ER.zip/940410046.ext.00013057.0000000000000000.20230831.035553849.2_Day_AS_Disclosure.zip,2d_Self_Arranged_AS_ECRSM-31-AUG-23.csv,8987f1d999442e2834da5559b817e964bf6c0be5a20a16c019b6dcf52ebb70a3,582,24,24
np3-911-er/2d_self_arranged_as_ecrss,work/history-middle-2023/NP3-911-ER.zip/940410046.ext.00013057.0000000000000000.20230831.035553849.2_Day_AS_Disclosure.zip,2d_Self_Arranged_AS_ECRSS-31-AUG-23.csv,2aa8c9d7736c8ed5f4c35a0a74c1e05db89dc227eb50ff2b488be6f9051790a7,670,24,24
np3-911-er/2d_agg_as_offers_regup,work/history-middle-2023/NP3-911-ER.zip/940410046.ext.00013057.0000000000000000.20230831.035553849.2_Day_AS_Disclosure.zip,2d_Agg_AS_Offers_REGUP-31-AUG-23.csv,1bfbf5a52783f0e63f9396607c36c94045e6f3cfd270436a62b330cb16353e93,63765,1926,1926
np3-911-er/2d_agg_as_offers_regdn,work/history-middle-2023/NP3-911-ER.zip/940410046.ext.00013057.0000000000000000.20230831.035553849.2_Day_AS_Disclosure.zip,2d_Agg_AS_Offers_REGDN-31-AUG-23.csv,009a2738605e3450e93866d48a06d3a18198dfadf24ad4a902e4017731cc6f1e,55815,1718,1718
np3-911-er/2d_agg_as_offers_onns,work/history-middle-2023/NP3-911-ER.zip/940410046.ext.00013057.0000000000000000.20230831.035553849.2_Day_AS_Disclosure.zip,2d_Agg_AS_Offers_ONNS-31-AUG-23.csv,fb9fa5fc935f5b73326aa7a604f4ab494c1940b7c248c38d0fbb46d9ec61171a,25463,799,799
np3-911-er/2d_agg_as_offers_offns,work/history-middle-2023/NP3-911-ER.zip/940410046.ext.00013057.0000000000000000.20230831.035553849.2_Day_AS_Disclosure.zip,2d_Agg_AS_Offers_OFFNS-31-AUG-23.csv,7f10d9d82b708977e6c80bae0f619af3012a106ae94f8ae164ff253ae6e30cf4,40838,1218,1218
np3-911-er/2d_self_arranged_as_regup,work/history-middle-2023/NP3-911-ER.zip/940410046.ext.00013057.0000000000000000.20230831.035553849.2_Day_AS_Disclosure.zip,2d_Self_Arranged_AS_REGUP-31-AUG-23.csv,5a1d99c68d9208202820715812141416fd9d623e42bc49a88f6b55d33fac2d6d,582,24,24
np3-911-er/2d_self_arranged_as_regdn,work/history-middle-2023/NP3-911-ER.zip/940410046.ext.00013057.0000000000000000.20230831.035553849.2_Day_AS_Disclosure.zip,2d_Self_Arranged_AS_REGDN-31-AUG-23.csv,372079d096a80d9fa1ef6fdb6e3f16376e711efa0705faadc969efe9375a05e7,656,24,24
np3-911-er/2d_self_arranged_as_nspin,work/history-middle-2023/NP3-911-ER.zip/940410046.ext.00013057.0000000000000000.20230831.035553849.2_Day_AS_Disclosure.zip,2d_Self_Arranged_AS_NSPIN-31-AUG-23.csv,64ec36aa4bff11c4f907cf2c54ce73d3a242819c4d4f32ef9e9cce4dc1ef205b,676,24,24
np3-911-er/2d_cleared_dam_as_regup,work/history-middle-2023/NP3-911-ER.zip/940410046.ext.00013057.0000000000000000.20230831.035553849.2_Day_AS_Disclosure.zip,2d_Cleared_DAM_AS_REGUP-31-AUG-23.csv,f1302cc20e5d55dadef71779e7e7c8f3ee9c04554e513c8b6e4faf0cbe3ad4fd,639,24,24
np3-911-er/2d_cleared_dam_as_regdn,work/history-middle-2023/NP3-911-ER.zip/940410046.ext.00013057.0000000000000000.20230831.035553849.2_Day_AS_Disclosure.zip,2d_Cleared_DAM_AS_REGDN-31-AUG-23.csv,6f8ef810e170ec0224002e28c403929099c7fcbf45bf387be6c38a409943f99c,670,24,24
np3-911-er/2d_cleared_dam_as_nspin,work/history-middle-2023/NP3-911-ER.zip/940410046.ext.00013057.0000000000000000.20230831.035553849.2_Day_AS_Disclosure.zip,2d_Cleared_DAM_AS_NSPIN-31-AUG-23.csv,142dd0d3d96ca893e9f2126914931894a4f445a8ad449460560cfc3b2dc951cf,696,24,24
np3-965-er/60_hdl_ldl_man_override,work/history-middle-2023/NP3-965-ER.zip/940425301.ext.00013052.0000000000000000.20230831.052556116.60_Day_SCED_Disclosure.zip,60d_HDL_LDL_ManOverride-31-AUG-23.csv,1c0e3b7b3ae2f5991dc97ee06ad04c28c6f9a36658f2a80946a95c78bd794e7e,167,0,0
np3-965-er/60_sced_qse_self_arranged_as,work/history-middle-2023/NP3-965-ER.zip/940425301.ext.00013052.0000000000000000.20230831.052556116.60_Day_SCED_Disclosure.zip,60d_SCED_QSE_Self_Arranged_AS-31-AUG-23.csv,31ad55a8de18eec3fb8eec91df89455aa90cfbc75c024360940c56c46e718a10,314505,4416,4416
np3-965-er/60_sced_dsr_load_data,work/history-middle-2023/NP3-965-ER.zip/940425301.ext.00013052.0000000000000000.20230831.052556116.60_Day_SCED_Disclosure.zip,60d_SCED_DSR_Load_Data-31-AUG-23.csv,45f7c889da0544444c292d2792b74ac72d59be59dae12b17eb7d93ee9cfb5160,803296,20640,20640
np3-965-er/60_sced_smne_gen_res,work/history-middle-2023/NP3-965-ER.zip/940425301.ext.00013052.0000000000000000.20230831.052556116.60_Day_SCED_Disclosure.zip,60d_SCED_SMNE_GEN_RES-31-AUG-23.csv,71959e3a618cec67f26dced31510c8461d494af58627b0afdc902abd92ff78ac,6895948,137280,137280
np3-965-er/60_sced_gen_res_data,work/history-middle-2023/NP3-965-ER.zip/940425301.ext.00013052.0000000000000000.20230831.052556116.60_Day_SCED_Disclosure.zip,60d_SCED_Gen_Resource_Data-31-AUG-23.csv,08218ef1039c8a63ab97ae9d8a071676df8799ecef3ee4cbed4e7c234b2171f0,83954997,97824,97824
np3-965-er/60_load_res_data_in_sced,work/history-middle-2023/NP3-965-ER.zip/940425301.ext.00013052.0000000000000000.20230831.052556116.60_Day_SCED_Disclosure.zip,60d_Load_Resource_Data_in_SCED-31-AUG-23.csv,a5aac8c864a4300a21b93786d27b63f069e9370327687fb5bdd887bb26dc1ac4,11700792,64032,64032
np3-966-er/60_dam_ptp_obl_opt_awards,work/history-middle-2023/NP3-966-ER.zip/940441800.ext.00013051.0000000000000000.20230831.065555362.60_Day_DAM_Disclosure.zip,60d_DAM_PTP_Obligation_OptionAwards-31-AUG-23.csv,292bfef8d6ad41ba896cf78f71542d4d6e327648bf982f4b2c3cabc211166e57,840761,9943,9943
np3-966-er/60_dam_ptp_obl_bids,work/history-middle-2023/NP3-966-ER.zip/940441800.ext.00013051.0000000000000000.20230831.065555362.60_Day_DAM_Disclosure.zip,60d_DAM_PTPObligationBids-31-AUG-23.csv,118d5155e1d62a5ccd531b44180559e4fe3f2b182fff5bdf821232947e417eac,10404402,133436,133436
np3-966-er/60_dam_ptp_obl_bid_awards,work/history-middle-2023/NP3-966-ER.zip/940441800.ext.00013051.0000000000000000.20230831.065555362.60_Day_DAM_Disclosure.zip,60d_DAM_PTPObligationBidAwards-31-AUG-23.csv,483600276f3210044b0a8fc64eccbf4280bfa3b65fa18b2c69afa307da16a9d4,9823430,133436,133436
np3-966-er/60_dam_qse_self_as,work/history-middle-2023/NP3-966-ER.zip/940441800.ext.00013051.0000000000000000.20230831.065555362.60_Day_DAM_Disclosure.zip,60d_DAM_QSE_Self_Arranged_AS-31-AUG-23.csv,8d1e2e959788cbab2ab46a2469a8f08e2b1006f4094f54a095ad50aa8c88b2fa,67466,1104,1104
np3-966-er/60_dam_gen_res_data,work/history-middle-2023/NP3-966-ER.zip/940441800.ext.00013051.0000000000000000.20230831.065555362.60_Day_DAM_Disclosure.zip,60d_DAM_Gen_Resource_Data-31-AUG-23.csv,b1eaa0ed6c4f9027c6312ee997ab16e40ad33b072a6aa9160485dfee3bdf9cf9,6564037,29616,29616
np3-966-er/60_dam_gen_res_as_offers,work/history-middle-2023/NP3-966-ER.zip/940441800.ext.00013051.0000000000000000.20230831.065555362.60_Day_DAM_Disclosure.zip,60d_DAM_Generation_Resource_ASOffers-31-AUG-23.csv,b97b28d4ee87b8bca30b1aff0984167c3adc3fbda45d2b388fbf7c0465e581b8,1864932,7916,7916
np3-966-er/60_dam_load_res_data,work/history-middle-2023/NP3-966-ER.zip/940441800.ext.00013051.0000000000000000.20230831.065555362.60_Day_DAM_Disclosure.zip,60d_DAM_Load_Resource_Data-31-AUG-23.csv,2c4b5ffee2c5b73878217bbcf18d453dce12f15efcc27999ff91ec200c00d31d,1462326,15648,15648
np3-966-er/60_dam_load_res_as_offers,work/history-middle-2023/NP3-966-ER.zip/940441800.ext.00013051.0000000000000000.20230831.065555362.60_Day_DAM_Disclosure.zip,60d_DAM_Load_Resource_ASOffers-31-AUG-23.csv,92dcd254dd5aaa6c60f459f6b21df499ecc1078f17b25faac5e379bc229c272b,1921768,8697,8697
np3-966-er/60_dam_energy_only_offers,work/history-middle-2023/NP3-966-ER.zip/940441800.ext.00013051.0000000000000000.20230831.065555362.60_Day_DAM_Disclosure.zip,60d_DAM_EnergyOnlyOffers-31-AUG-23.csv,dec304e4034affa0179320a9059188acd0513c981c4e481e8dcc4ea6fbdb40d3,1446297,11618,11618
np3-966-er/60_dam_energy_only_offer_awards,work/history-middle-2023/NP3-966-ER.zip/940441800.ext.00013051.0000000000000000.20230831.065555362.60_Day_DAM_Disclosure.zip,60d_DAM_EnergyOnlyOfferAwards-31-AUG-23.csv,b02c6a0c5a4f9bcb50bfbe9125323a668a46987a6cfbe465530263908edd5451,720936,11618,11618
np3-966-er/60_dam_energy_bids,work/history-middle-2023/NP3-966-ER.zip/940441800.ext.00013051.0000000000000000.20230831.065555362.60_Day_DAM_Disclosure.zip,60d_DAM_EnergyBids-31-AUG-23.csv,1fc42d15dcf755c088af66e16f90d12bc7f69ed367cd24c85bd695401691b0ed,2882941,23324,23324
np3-966-er/60_dam_energy_bid_awards,work/history-middle-2023/NP3-966-ER.zip/940441800.ext.00013051.0000000000000000.20230831.065555362.60_Day_DAM_Disclosure.zip,60d_DAM_EnergyBidAwards-31-AUG-23.csv,b3750769170f3280871b3fdf1eaeaa55893e8faaedf35f83a062be7e8cf7f5a5,1431311,23323,23323
np3-966-er/60_dam_ptp_obl_opt,work/history-middle-2023/NP3-966-ER.zip/940441800.ext.00013051.0000000000000000.20230831.065555362.60_Day_DAM_Disclosure.zip,60d_DAM_PTP_Obligation_Option-31-AUG-23.csv,e6fdf532206df3f80b532e979afac756021162efeae728c3337c310c3d1481ce,871734,9943,9943
np3-991-ex/60_cop_all_updates,work/history-middle-2023/NP3-991-EX.zip/940423384.ext.00015943.0000000000000000.20230831.051055962.60_Day_COP_All_Updates.zip,60d_COP_All_Updates-31-AUG-23.csv,67a1154cda605b898846ce51360821130e152b7fd19752ec9add351f8c88f81b,142097851,804012,804012
np4-732-cd/wpp_hrly_avrg_actl_fcast,work/history-middle-2023/NP4-732-CD.zip/940611200.cdr.00013028.0000000000000000.20230831.235534731.WPPHRLYAVGACTNP4732_csv.zip,cdr.00013028.0000000000000000.20230831.235534.WPPHRLYAVGACTNP4732.csv,663b2ed8f16d9bcc9fdc1bfc541e032354a2259ca554bc3d11dc16504e992eb8,23065,216,216
np4-745-cd/spp_hrly_actual_fcast_geo,work/history-middle-2023/NP4-745-CD.zip/940611381.cdr.00021809.0000000000000000.20230831.235538617.PVGRHRLYAVGACTGEONP4745_csv.zip,cdr.00021809.0000000000000000.20230831.235538.PVGRHRLYAVGACTGEONP4745.csv,19bad0d1bd8498e3fdc53815dc0022121fe61b38867d682e024bc6dd3766bcc6,27059,216,216
np3-965-er/60_load_res_data_in_sced,work/history-annual-2015/NP3-965-ER.zip/471251518.ext.00013052.0000000000000000.20150131.042252146.60_Day_SCED_Disclosure.zip,60d_Load Resource_Data_in_SCED-31-JAN-15.csv,3109dcff7b424ac2e22ec3b074b2a413c2f9578243b54fa95c147a3189a7550e,1762660,23040,23040
np3-965-er/60_sced_gen_res_data,work/history-annual-2015/NP3-965-ER.zip/471251518.ext.00013052.0000000000000000.20150131.042252146.60_Day_SCED_Disclosure.zip,60d_SCED_Gen_Resource_Data-31-JAN-15.csv,a5181b85a384684f9db36b9b0d8c746250c93a23bffd9973b8bcbc341b66ec63,42636559,43680,43680
np3-965-er/60_sced_smne_gen_res,work/history-annual-2015/NP3-965-ER.zip/471251518.ext.00013052.0000000000000000.20150131.042252146.60_Day_SCED_Disclosure.zip,60d_SCED_SMNE_GEN_RES-31-JAN-15.csv,d9ec834fe96d2d7ea7a6ed97906b0d65919bb1eb58b51964342e34f4341f5f58,2663325,53664,53664
np3-965-er/60_sced_dsr_load_data,work/history-annual-2015/NP3-965-ER.zip/471251518.ext.00013052.0000000000000000.20150131.042252146.60_Day_SCED_Disclosure.zip,60d_SCED_DSR_Load_Data-31-JAN-15.csv,95bcfe45a3f5a72a0de5755e4738054c42808564daff43129b32dfa58ea2e4e7,317470,8157,8157
np3-965-er/60_sced_qse_self_arranged_as,work/history-annual-2015/NP3-965-ER.zip/471251518.ext.00013052.0000000000000000.20150131.042252146.60_Day_SCED_Disclosure.zip,60d_SCED_QSE_Self_Arranged_AS-31-JAN-15.csv,10bcbde6b77bcf04312f0f2364384ff5c7d19b9b5dd9ee3dc213c67739e6d49a,178201,2968,2968
np3-965-er/60_hdl_ldl_man_override,work/history-annual-2015/NP3-965-ER.zip/471251518.ext.00013052.0000000000000000.20150131.042252146.60_Day_SCED_Disclosure.zip,60d_HDL_LDL_ManOverride-31-JAN-15.csv,1c0e3b7b3ae2f5991dc97ee06ad04c28c6f9a36658f2a80946a95c78bd794e7e,167,0,0
np4-732-cd/wpp_hrly_avrg_actl_fcast,work/history-annual-2015/NP4-732-CD.zip/471323977.cdr.00013028.0000000000000000.20150131.233042645.WPPHRLYAVGACTNP4732_csv.zip,cdr.00013028.0000000000000000.20150131.233042.WPPHRLYAVGACTNP4732.csv,e0e2f204c70eaa9f8dec9348bc40e36c5ace6652d3b66cb46ea16661d3394cbd,8957,96,96
np3-965-er/60_load_res_data_in_sced,work/history-annual-2016/NP3-965-ER.zip/508459546.ext.00013052.0000000000000000.20160131.042853283.60_Day_SCED_Disclosure.zip,60d_Load Resource_Data_in_SCED-31-JAN-16.csv,89a0f2e0f3cd885ecb6004c790734e47301dcbf5b1f9912bbef7a9fbbbf7fd1d,1795430,23328,23328
np3-965-er/60_sced_gen_res_data,work/history-annual-2016/NP3-965-ER.zip/508459546.ext.00013052.0000000000000000.20160131.042853283.60_Day_SCED_Disclosure.zip,60d_SCED_Gen_Resource_Data-31-JAN-16.csv,4b09b1d6a3737515339c266180f135e5f17326a829f70b7fb76d6adec11df474,45927656,47040,47040
np3-965-er/60_sced_smne_gen_res,work/history-annual-2016/NP3-965-ER.zip/508459546.ext.00013052.0000000000000000.20160131.042853283.60_Day_SCED_Disclosure.zip,60d_SCED_SMNE_GEN_RES-31-JAN-16.csv,2db5a69f367c8f147dd8b8e5c75f35caf643592ab1e9f8379748e72883626fb5,2842795,56928,56928
np3-965-er/60_sced_dsr_load_data,work/history-annual-2016/NP3-965-ER.zip/508459546.ext.00013052.0000000000000000.20160131.042853283.60_Day_SCED_Disclosure.zip,60d_SCED_DSR_Load_Data-31-JAN-16.csv,22337b48b53dd19c82d5b7af1512e67f998a5440fdf2fd91fd47a522590a6d36,361872,9301,9301
np3-965-er/60_sced_qse_self_arranged_as,work/history-annual-2016/NP3-965-ER.zip/508459546.ext.00013052.0000000000000000.20160131.042853283.60_Day_SCED_Disclosure.zip,60d_SCED_QSE_Self_Arranged_AS-31-JAN-16.csv,7349e8f15bb29aaecc2f59ac9eb6b9c11c2c98027423795e874411947f63a2a6,190109,3188,3188
np3-965-er/60_hdl_ldl_man_override,work/history-annual-2016/NP3-965-ER.zip/508459546.ext.00013052.0000000000000000.20160131.042853283.60_Day_SCED_Disclosure.zip,60d_HDL_LDL_ManOverride-31-JAN-16.csv,1c0e3b7b3ae2f5991dc97ee06ad04c28c6f9a36658f2a80946a95c78bd794e7e,167,0,0
np4-732-cd/wpp_hrly_avrg_actl_fcast,work/history-annual-2016/NP4-732-CD.zip/508541149.cdr.00013028.0000000000000000.20160131.233108482.WPPHRLYAVGACTNP4732_csv.zip,cdr.00013028.0000000000000000.20160131.233108.WPPHRLYAVGACTNP4732.csv,60462255ede089d784903d0dc45de500bae2fcf9e5d66e2f4f5467eb4d36fba4,18909,215,215
np3-965-er/60_load_res_data_in_sced,work/history-annual-2017/NP3-965-ER.zip/550576150.ext.00013052.0000000000000000.20170131.042006161.60_Day_SCED_Disclosure.zip,60d_Load Resource_Data_in_SCED-31-JAN-17.csv,6fd2f09972c2aa7e6cc373d1c62c98b90ef3bd9cfc1932ebf19b37c1f09c1a50,2171915,28224,28224
np3-965-er/60_sced_gen_res_data,work/history-annual-2017/NP3-965-ER.zip/550576150.ext.00013052.0000000000000000.20170131.042006161.60_Day_SCED_Disclosure.zip,60d_SCED_Gen_Resource_Data-31-JAN-17.csv,4e0dbf9564803dbd48e91614b905ba94f059a12cdd7cf8f32707467e09cb64cf,51363200,51744,51744
np3-965-er/60_sced_smne_gen_res,work/history-annual-2017/NP3-965-ER.zip/550576150.ext.00013052.0000000000000000.20170131.042006161.60_Day_SCED_Disclosure.zip,60d_SCED_SMNE_GEN_RES-31-JAN-17.csv,ec77f874db1237072a0e1e36ef2470fdbfd4205b0c1e4f0e405f8560d0e64d2a,3127980,62400,62400
np3-965-er/60_sced_dsr_load_data,work/history-annual-2017/NP3-965-ER.zip/550576150.ext.00013052.0000000000000000.20170131.042006161.60_Day_SCED_Disclosure.zip,60d_SCED_DSR_Load_Data-31-JAN-17.csv,dc2f4677e6b8ddb5093bb8b46c98c4fb4488b25f1f0c75c6bd52f6ed00d9df2d,429250,11036,11036
np3-965-er/60_sced_qse_self_arranged_as,work/history-annual-2017/NP3-965-ER.zip/550576150.ext.00013052.0000000000000000.20170131.042006161.60_Day_SCED_Disclosure.zip,60d_SCED_QSE_Self_Arranged_AS-31-JAN-17.csv,2a205148b0c7203d19ba6c65e70bd2c7180c8db68453ea747c6c01a677c58658,192653,3264,3264
np3-965-er/60_hdl_ldl_man_override,work/history-annual-2017/NP3-965-ER.zip/550576150.ext.00013052.0000000000000000.20170131.042006161.60_Day_SCED_Disclosure.zip,60d_HDL_LDL_ManOverride-31-JAN-17.csv,1c0e3b7b3ae2f5991dc97ee06ad04c28c6f9a36658f2a80946a95c78bd794e7e,167,0,0
np4-732-cd/wpp_hrly_avrg_actl_fcast,work/history-annual-2017/NP4-732-CD.zip/550677301.cdr.00013028.0000000000000000.20170131.233129026.WPPHRLYAVGACTNP4732_csv.zip,cdr.00013028.0000000000000000.20170131.233128.WPPHRLYAVGACTNP4732.csv,f561633f10d75d9f453ca075e5ec44ba17bcfab786f02f953465fbcbf2d948ef,18460,216,216
np3-965-er/60_load_res_data_in_sced,work/history-annual-2018/NP3-965-ER.zip/596928044.ext.00013052.0000000000000000.20180131.041744931.60_Day_SCED_Disclosure.zip,60d_Load Resource_Data_in_SCED-31-JAN-18.csv,bbd94c9ba3d7865ec2d8ee61e81ee57a722c496fb433f12e50b697bd8bf7bc0f,2593439,33888,33888
np3-965-er/60_sced_gen_res_data,work/history-annual-2018/NP3-965-ER.zip/596928044.ext.00013052.0000000000000000.20180131.041744931.60_Day_SCED_Disclosure.zip,60d_SCED_Gen_Resource_Data-31-JAN-18.csv,e8ce83b7534dc98f8e38e798da9e73b65110d8fbfce7875cee43e2eb21311b92,53506954,54816,54816
np3-965-er/60_sced_smne_gen_res,work/history-annual-2018/NP3-965-ER.zip/596928044.ext.00013052.0000000000000000.20180131.041744931.60_Day_SCED_Disclosure.zip,60d_SCED_SMNE_GEN_RES-31-JAN-18.csv,64f9d16c02f37488d99efd7dff4876d7d702f3003a79e1cff0a3086a4da7b568,3482233,70272,70272
np3-965-er/60_sced_dsr_load_data,work/history-annual-2018/NP3-965-ER.zip/596928044.ext.00013052.0000000000000000.20180131.041744931.60_Day_SCED_Disclosure.zip,60d_SCED_DSR_Load_Data-31-JAN-18.csv,d4797da79c99ecc4f26dca79c77c0755bedcb4d7265a331a74ea88225a08ff36,470246,12096,12096
np3-965-er/60_sced_qse_self_arranged_as,work/history-annual-2018/NP3-965-ER.zip/596928044.ext.00013052.0000000000000000.20180131.041744931.60_Day_SCED_Disclosure.zip,60d_SCED_QSE_Self_Arranged_AS-31-JAN-18.csv,195511e447cadcd0e38ca17223068386393bf331fc9e59c156b6620f85949ce4,175213,2856,2856
np3-965-er/60_hdl_ldl_man_override,work/history-annual-2018/NP3-965-ER.zip/596928044.ext.00013052.0000000000000000.20180131.041744931.60_Day_SCED_Disclosure.zip,60d_HDL_LDL_ManOverride-31-JAN-18.csv,1c0e3b7b3ae2f5991dc97ee06ad04c28c6f9a36658f2a80946a95c78bd794e7e,167,0,0
np4-732-cd/wpp_hrly_avrg_actl_fcast,work/history-annual-2018/NP4-732-CD.zip/597033993.cdr.00013028.0000000000000000.20180131.234255015.WPPHRLYAVGACTNP4732_csv.zip,cdr.00013028.0000000000000000.20180131.234254.WPPHRLYAVGACTNP4732.csv,7da7ea05bdb74d3b363de374e2a2fbe511c3e56236f1fa3c6e3c36f0ac77ea48,23187,216,216
np3-965-er/60_load_res_data_in_sced,work/history-annual-2019/NP3-965-ER.zip/646664212.ext.00013052.0000000000000000.20190131.042429796.60_Day_SCED_Disclosure.zip,60d_Load Resource_Data_in_SCED-31-JAN-19.csv,bb0daf54d514ee3c4ecda8ccd173bcabbb58fd9ae79853ee6f96c28701ab6143,3018592,39168,39168
np3-965-er/60_sced_gen_res_data,work/history-annual-2019/NP3-965-ER.zip/646664212.ext.00013052.0000000000000000.20190131.042429796.60_Day_SCED_Disclosure.zip,60d_SCED_Gen_Resource_Data-31-JAN-19.csv,1c9c87ae3461401d5bd3c6a8b324bb8a9695156cb3daa9ff75c3b2b06a9a6195,48062071,56640,56640
np3-965-er/60_sced_smne_gen_res,work/history-annual-2019/NP3-965-ER.zip/646664212.ext.00013052.0000000000000000.20190131.042429796.60_Day_SCED_Disclosure.zip,60d_SCED_SMNE_GEN_RES-31-JAN-19.csv,0b8b38e92de7380ba88447c076fb417b4940edafa534fcf41cfc17ba0edf7a8d,3951567,79488,79488
np3-965-er/60_sced_dsr_load_data,work/history-annual-2019/NP3-965-ER.zip/646664212.ext.00013052.0000000000000000.20190131.042429796.60_Day_SCED_Disclosure.zip,60d_SCED_DSR_Load_Data-31-JAN-19.csv,7cc3e4bf40b8a25ad2f7821ac4ecfb6335a280d3cab3b3d2e3e888b8e24c17ab,485314,12480,12480
np3-965-er/60_sced_qse_self_arranged_as,work/history-annual-2019/NP3-965-ER.zip/646664212.ext.00013052.0000000000000000.20190131.042429796.60_Day_SCED_Disclosure.zip,60d_SCED_QSE_Self_Arranged_AS-31-JAN-19.csv,accdb13b0becb4096288cc4442eae9df82da812484eedb48902c00ef827b09cf,188753,3072,3072
np3-965-er/60_hdl_ldl_man_override,work/history-annual-2019/NP3-965-ER.zip/646664212.ext.00013052.0000000000000000.20190131.042429796.60_Day_SCED_Disclosure.zip,60d_HDL_LDL_ManOverride-31-JAN-19.csv,1c0e3b7b3ae2f5991dc97ee06ad04c28c6f9a36658f2a80946a95c78bd794e7e,167,0,0
np4-732-cd/wpp_hrly_avrg_actl_fcast,work/history-annual-2019/NP4-732-CD.zip/646777019.cdr.00013028.0000000000000000.20190131.234311712.WPPHRLYAVGACTNP4732_csv.zip,cdr.00013028.0000000000000000.20190131.234311.WPPHRLYAVGACTNP4732.csv,c7d2cbe9e2d62c2781ea65cf1f276ff54d83b9baac373bbfeb0a714d4a1c4209,22961,215,215
np3-965-er/60_hdl_ldl_man_override,work/history-annual-2021/NP3-965-ER.zip/756226707.ext.00013052.0000000000000000.20210131.043220982.60_Day_SCED_Disclosure.zip,60d_HDL_LDL_ManOverride-31-JAN-21.csv,1c0e3b7b3ae2f5991dc97ee06ad04c28c6f9a36658f2a80946a95c78bd794e7e,167,0,0
np3-965-er/60_sced_qse_self_arranged_as,work/history-annual-2021/NP3-965-ER.zip/756226707.ext.00013052.0000000000000000.20210131.043220982.60_Day_SCED_Disclosure.zip,60d_SCED_QSE_Self_Arranged_AS-31-JAN-21.csv,8a573d44886a26b2c9d22b7db317fd7855af5a79851ae1442195832bdd011526,275069,4456,4456
np3-965-er/60_sced_dsr_load_data,work/history-annual-2021/NP3-965-ER.zip/756226707.ext.00013052.0000000000000000.20210131.043220982.60_Day_SCED_Disclosure.zip,60d_SCED_DSR_Load_Data-31-JAN-21.csv,d17822be7f17432725424a50b828d07757886ddc807a575848fd7c45d47e3034,579304,14880,14880
np3-965-er/60_sced_smne_gen_res,work/history-annual-2021/NP3-965-ER.zip/756226707.ext.00013052.0000000000000000.20210131.043220982.60_Day_SCED_Disclosure.zip,60d_SCED_SMNE_GEN_RES-31-JAN-21.csv,4f71dbad9f77dfa173e44b5c8b61a2f0b85f53eda7caa84d0e4ac07a30045bcb,5118784,102336,102336
np3-965-er/60_sced_gen_res_data,work/history-annual-2021/NP3-965-ER.zip/756226707.ext.00013052.0000000000000000.20210131.043220982.60_Day_SCED_Disclosure.zip,60d_SCED_Gen_Resource_Data-31-JAN-21.csv,af6ff378f72e130aa4c982ce8faa6f1827ffaa1037a0296d918b14aba32ef673,60337563,70368,70368
np3-965-er/60_load_res_data_in_sced,work/history-annual-2021/NP3-965-ER.zip/756226707.ext.00013052.0000000000000000.20210131.043220982.60_Day_SCED_Disclosure.zip,60d_Load_Resource_Data_in_SCED-31-JAN-21.csv,9ca03c7c44de55a8aa06daac3bc3018745ac0df2e3e0cd588ca8ee5a9a6ca834,19564669,61344,61344
np4-732-cd/wpp_hrly_avrg_actl_fcast,work/history-annual-2021/NP4-732-CD.zip/756356582.cdr.00013028.0000000000000000.20210131.235521704.WPPHRLYAVGACTNP4732_csv.zip,cdr.00013028.0000000000000000.20210131.235521.WPPHRLYAVGACTNP4732.csv,8de9752cf245570bf444d7c084216b87666257082eca1ed4eccecf80818649c4,24011,216,216
np3-965-er/60_hdl_ldl_man_override,work/history-annual-2022/NP3-965-ER.zip/820409727.ext.00013052.0000000000000000.20220131.082750317.60_Day_SCED_Disclosure.zip,60d_HDL_LDL_ManOverride-31-JAN-22.csv,1c0e3b7b3ae2f5991dc97ee06ad04c28c6f9a36658f2a80946a95c78bd794e7e,167,0,0
np3-965-er/60_sced_qse_self_arranged_as,work/history-annual-2022/NP3-965-ER.zip/820409727.ext.00013052.0000000000000000.20220131.082750317.60_Day_SCED_Disclosure.zip,60d_SCED_QSE_Self_Arranged_AS-31-JAN-22.csv,7354a651d5f6bac4103057e2d6869629827f38db92426d0e92271d2a60753c01,266409,4324,4324
np3-965-er/60_sced_dsr_load_data,work/history-annual-2022/NP3-965-ER.zip/820409727.ext.00013052.0000000000000000.20220131.082750317.60_Day_SCED_Disclosure.zip,60d_SCED_DSR_Load_Data-31-JAN-22.csv,0f96d14a8d33c0414370566c26f17effb52f1f7401326c90e06d3b9023d24925,661586,16992,16992
np3-965-er/60_sced_smne_gen_res,work/history-annual-2022/NP3-965-ER.zip/820409727.ext.00013052.0000000000000000.20220131.082750317.60_Day_SCED_Disclosure.zip,60d_SCED_SMNE_GEN_RES-31-JAN-22.csv,8a1de0863ab47065678e709b5e964ff5e4e5e6ae078dcd2fcc7de6c4a4ca52e9,5896151,117600,117600
np3-965-er/60_sced_gen_res_data,work/history-annual-2022/NP3-965-ER.zip/820409727.ext.00013052.0000000000000000.20220131.082750317.60_Day_SCED_Disclosure.zip,60d_SCED_Gen_Resource_Data-31-JAN-22.csv,d797c3c49e43125df0bde642e2350f792cc7017310f30de6f510bbd539c95468,70684983,83040,83040
np3-965-er/60_load_res_data_in_sced,work/history-annual-2022/NP3-965-ER.zip/820409727.ext.00013052.0000000000000000.20220131.082750317.60_Day_SCED_Disclosure.zip,60d_Load_Resource_Data_in_SCED-31-JAN-22.csv,bc54056648ce9d16555809807a64f9093b14d436dc13a54d27f1071601f1e3bc,11539386,67488,67488
np4-732-cd/wpp_hrly_avrg_actl_fcast,work/history-annual-2022/NP4-732-CD.zip/820534787.cdr.00013028.0000000000000000.20220131.235533819.WPPHRLYAVGACTNP4732_csv.zip,cdr.00013028.0000000000000000.20220131.235533.WPPHRLYAVGACTNP4732.csv,032ecb11d58eb9ae85fcd49a7917b140c1fc139be8a3cb7d0dff9a0fee9e6fe5,23132,216,216
np3-965-er/60_hdl_ldl_man_override,work/history-annual-2023/NP3-965-ER.zip/892946917.ext.00013052.0000000000000000.20230131.061004604.60_Day_SCED_Disclosure.zip,60d_HDL_LDL_ManOverride-31-JAN-23.csv,1c0e3b7b3ae2f5991dc97ee06ad04c28c6f9a36658f2a80946a95c78bd794e7e,167,0,0
np3-965-er/60_sced_qse_self_arranged_as,work/history-annual-2023/NP3-965-ER.zip/892946917.ext.00013052.0000000000000000.20230131.061004604.60_Day_SCED_Disclosure.zip,60d_SCED_QSE_Self_Arranged_AS-31-JAN-23.csv,237a13a30698146a148d182f27c56d2c94d7b1ca130c947a6b8a2c2d02b27748,258820,4040,4040
np3-965-er/60_sced_dsr_load_data,work/history-annual-2023/NP3-965-ER.zip/892946917.ext.00013052.0000000000000000.20230131.061004604.60_Day_SCED_Disclosure.zip,60d_SCED_DSR_Load_Data-31-JAN-23.csv,90b2dba1103cba04d8a0cf4e2cb4e7c68052974cac883d3f1dbb0b9c797647f5,762572,19584,19584
np3-965-er/60_sced_smne_gen_res,work/history-annual-2023/NP3-965-ER.zip/892946917.ext.00013052.0000000000000000.20230131.061004604.60_Day_SCED_Disclosure.zip,60d_SCED_SMNE_GEN_RES-31-JAN-23.csv,5331feeedd6bd5cc7e6bb3f616f2cc505c013b79307fa9bcd561fa29dee9c985,6593756,132000,132000
np3-965-er/60_sced_gen_res_data,work/history-annual-2023/NP3-965-ER.zip/892946917.ext.00013052.0000000000000000.20230131.061004604.60_Day_SCED_Disclosure.zip,60d_SCED_Gen_Resource_Data-31-JAN-23.csv,3079a68a396a6d7945584f3a7d3d11ed4fafc84f50a2e7741ecc22d918e7347c,78943235,93024,93024
np3-965-er/60_load_res_data_in_sced,work/history-annual-2023/NP3-965-ER.zip/892946917.ext.00013052.0000000000000000.20230131.061004604.60_Day_SCED_Disclosure.zip,60d_Load_Resource_Data_in_SCED-31-JAN-23.csv,23a9c59800c0f6d8dc5092911a9b60476fe550f1bcd9e8dc1cb5a7afbc6b806c,11148801,62784,62784
np4-732-cd/wpp_hrly_avrg_actl_fcast,work/history-annual-2023/NP4-732-CD.zip/893111283.cdr.00013028.0000000000000000.20230131.235529287.WPPHRLYAVGACTNP4732_csv.zip,cdr.00013028.0000000000000000.20230131.235529.WPPHRLYAVGACTNP4732.csv,cf6b2ceb300263af76126903315426e375ca0612ede35256bbc6d153d80d3c67,22698,216,216
np3-965-er/60_hdl_ldl_man_override,work/history-annual-2024/NP3-965-ER.zip/977282759.ext.00013052.0000000000000000.20240131.042605057.60_Day_SCED_Disclosure.zip,60d_HDL_LDL_ManOverride-31-JAN-24.csv,1c0e3b7b3ae2f5991dc97ee06ad04c28c6f9a36658f2a80946a95c78bd794e7e,167,0,0
np3-965-er/60_sced_qse_self_arranged_as,work/history-annual-2024/NP3-965-ER.zip/977282759.ext.00013052.0000000000000000.20240131.042605057.60_Day_SCED_Disclosure.zip,60d_SCED_QSE_Self_Arranged_AS-31-JAN-24.csv,7a597d79abc4fcc32e02e8ea68f5f3079fd1a290cab03057738f112de7eb8d3f,292305,4212,4212
np3-965-er/60_sced_dsr_load_data,work/history-annual-2024/NP3-965-ER.zip/977282759.ext.00013052.0000000000000000.20240131.042605057.60_Day_SCED_Disclosure.zip,60d_SCED_DSR_Load_Data-31-JAN-24.csv,817ec8fe2ed8ab3f0c2195fb8b8fe76b559335c07e3f35875ecbc618709fa28c,879948,22610,22610
np3-965-er/60_sced_smne_gen_res,work/history-annual-2024/NP3-965-ER.zip/977282759.ext.00013052.0000000000000000.20240131.042605057.60_Day_SCED_Disclosure.zip,60d_SCED_SMNE_GEN_RES-31-JAN-24.csv,8f5162c11fe9897f0c7b7e4defef5e8f2c1e535f6bf68e7b0ed7888d6f12215f,7260080,145152,145152
np3-965-er/60_sced_gen_res_data,work/history-annual-2024/NP3-965-ER.zip/977282759.ext.00013052.0000000000000000.20240131.042605057.60_Day_SCED_Disclosure.zip,60d_SCED_Gen_Resource_Data-31-JAN-24.csv,8b47fd05650754c8a4f590ce84da58e583d98851dec411d8017d314ad600b5fb,87601101,104064,104064
np3-965-er/60_load_res_data_in_sced,work/history-annual-2024/NP3-965-ER.zip/977282759.ext.00013052.0000000000000000.20240131.042605057.60_Day_SCED_Disclosure.zip,60d_Load_Resource_Data_in_SCED-31-JAN-24.csv,848e3678e0ba48a4bc6e0cbf66290979d347c92418a847110c6219edf7557dc6,11787219,63552,63552
np4-732-cd/wpp_hrly_avrg_actl_fcast,work/history-annual-2024/NP4-732-CD.zip/977491391.cdr.00013028.0000000000000000.20240131.235525.WPPHRLYAVGACTNP4732_csv.zip,cdr.00013028.0000000000000000.20240131.235525.WPPHRLYAVGACTNP4732.csv,337669d33b69022d73514580da259740049538681522f8f9db6aee225110a9d8,23668,216,216
np3-965-er/60_hdl_ldl_man_override,work/history-annual-2025/NP3-965-ER.zip/1073739299.ext.00013052.0000000000000000.20250131.043458.60_Day_SCED_Disclosure.zip,60d_HDL_LDL_ManOverride-31-JAN-25.csv,264685634871f2073cee949cab86b811bce1a67c742cddb65ab9176fcb2ea45b,145,0,0
np3-965-er/60_sced_eoc_updates_in_ophour,work/history-annual-2025/NP3-965-ER.zip/1073739299.ext.00013052.0000000000000000.20250131.043458.60_Day_SCED_Disclosure.zip,60d_SCED_EOC_Updates_in_OpHour-31-JAN-25.csv,1ddc6f3dd7b6dccd64c6b884ea169aadbf7058aaa02dedaa2d5959bb6d6cda6f,88,0,0
np3-965-er/60_sced_qse_self_arranged_as,work/history-annual-2025/NP3-965-ER.zip/1073739299.ext.00013052.0000000000000000.20250131.043458.60_Day_SCED_Disclosure.zip,60d_SCED_QSE_Self_Arranged_AS-31-JAN-25.csv,546a0e316293f83346e3d12622b5db15c7d9e6f8efad9ce10249ab0dcd6f03f4,144476,3168,3168
np3-965-er/60_sced_dsr_load_data,work/history-annual-2025/NP3-965-ER.zip/1073739299.ext.00013052.0000000000000000.20250131.043458.60_Day_SCED_Disclosure.zip,60d_SCED_DSR_Load_Data-31-JAN-25.csv,f0e39d406c30ef32b965cc20e700259d2e37e1795a3d3222f61ea8786074fe38,783498,25344,25344
np3-965-er/60_sced_smne_gen_res,work/history-annual-2025/NP3-965-ER.zip/1073739299.ext.00013052.0000000000000000.20250131.043458.60_Day_SCED_Disclosure.zip,60d_SCED_SMNE_GEN_RES-31-JAN-25.csv,6b7ba3a047b76ff6c030fd89ae418c5d870dcb6904a1caf2390177be9dbd945a,6669631,159552,159552
np3-965-er/60_sced_gen_res_data,work/history-annual-2025/NP3-965-ER.zip/1073739299.ext.00013052.0000000000000000.20250131.043458.60_Day_SCED_Disclosure.zip,60d_SCED_Gen_Resource_Data-31-JAN-25.csv,9f0be5986a6f453dbf314f22a468530319bbddce689dc6a1b55a254d50e15dd9,54974038,115782,115782
np3-965-er/60_load_res_data_in_sced,work/history-annual-2025/NP3-965-ER.zip/1073739299.ext.00013052.0000000000000000.20250131.043458.60_Day_SCED_Disclosure.zip,60d_Load_Resource_Data_in_SCED-31-JAN-25.csv,8391ba50e68a0dee3a48f0838fbc762a7eaca6e7f72fad801744f5c4e75b5a10,7839840,71520,71520
np4-732-cd/wpp_hrly_avrg_actl_fcast,work/history-annual-2025/NP4-732-CD.zip/1073971845.cdr.00013028.0000000000000000.20250131.235510.WPPHRLYAVGACTNP4732_csv.zip,cdr.00013028.0000000000000000.20250131.235510.WPPHRLYAVGACTNP4732.csv,66f44157087da4d06f1825a6918abd70eca0c8456be4c41039a222ec1f234aaa,24984,216,216
