url,member,sha256,reusesBody,rows,values,sites,blocks,first,last
https://www.ercot.com/files/docs/2015/09/23/ercot_wind_shapes_updates_1997_2013_new_2014.zip,ERCOT_onshore_2011.CSV,9ba7098e5925ef31a35f7eca6b215d30905b71099ca89a35e3cc0f942e49f088,,17514,1997262,228,2,"[""2011-01-01"", 0]","[""2011-12-31"", 2300]"
https://www.ercot.com/files/docs/2015/09/23/ercot_wind_shapes_updates_1997_2013_new_2014.zip,ERCOT_onshore_2012.CSV,be8afea517147cef150b6c623baaab0c7c89cfd59e27eb83dfd8e8a921f12870,,17538,2002662,228,2,"[""2012-01-01"", 0]","[""2012-12-31"", 2300]"
https://www.ercot.com/files/docs/2015/09/23/ercot_wind_shapes_updates_1997_2013_new_2014.zip,ERCOT_onshore_2013.CSV,196261b7465a280ed7cf83ad9b1a2b39d7d91e3e2fd338e12d4a830b3bb43a04,,17508,1995912,228,2,"[""2013-01-01"", 0]","[""2013-12-31"", 1700]"
https://www.ercot.com/files/docs/2015/09/23/ercot_wind_shapes_updates_1997_2013_new_2014.zip,ERCOT_onshore_2014.CSV,ba8932e72637884040447ca74b286f6db9bd3ee5f716d7a1d7c78215975b4bc5,,8754,1969650,225,1,"[""2014-01-01"", 0]","[""2014-12-31"", 1700]"
https://www.ercot.com/files/docs/2015/09/23/ercot_wind_shapes_updates_1997_2013_new_2014.zip,ERCOT_offshore_1997.CSV,f215ac08f400752bf8f00e37550e5a3f774a6940394873093ffef3aaa0de5a12,,8760,26280,3,1,"[""1997-01-01"", 0]","[""1997-12-31"", 2300]"
https://www.ercot.com/files/docs/2015/09/23/ercot_wind_shapes_updates_1997_2013_new_2014.zip,ERCOT_offshore_1998.CSV,409c99803c74f0748364e503c144f7a3523158831e69bbc5a04ce969f209c118,,8760,26280,3,1,"[""1998-01-01"", 0]","[""1998-12-31"", 2300]"
https://www.ercot.com/files/docs/2015/09/23/ercot_wind_shapes_updates_1997_2013_new_2014.zip,ERCOT_offshore_1999.CSV,b75289b17d915a8db8d1274afc1b5f4ed12ef213f63b411fab534a164adccfc6,,8760,26280,3,1,"[""1999-01-01"", 0]","[""1999-12-31"", 2300]"
https://www.ercot.com/files/docs/2015/09/23/ercot_wind_shapes_updates_1997_2013_new_2014.zip,ERCOT_offshore_2000.CSV,f0ec45a04f680248ed1f9f43a82edd0a2510b423cf1ca72d26035dcc88691c88,,8784,26352,3,1,"[""2000-01-01"", 0]","[""2000-12-31"", 2300]"
https://www.ercot.com/files/docs/2015/09/23/ercot_wind_shapes_updates_1997_2013_new_2014.zip,ERCOT_offshore_2001.CSV,5ca25fae285ef2ea1d84b33b0aaebc8d0682453c4552b978e55c29e63373e283,,8760,26280,3,1,"[""2001-01-01"", 0]","[""2001-12-31"", 2300]"
https://www.ercot.com/files/docs/2015/09/23/ercot_wind_shapes_updates_1997_2013_new_2014.zip,ERCOT_offshore_2002.CSV,7123c93bea72ff0f893993a77e69af70b13818bdeaa03fe8e05496ada460b984,,8760,26280,3,1,"[""2002-01-01"", 0]","[""2002-12-31"", 2300]"
https://www.ercot.com/files/docs/2015/09/23/ercot_wind_shapes_updates_1997_2013_new_2014.zip,ERCOT_offshore_2003.CSV,5a64806bb888161531ee80d4e086645998d9f4659c8d3d511bc655aa23b68ea1,,8760,26280,3,1,"[""2003-01-01"", 0]","[""2003-12-31"", 2300]"
https://www.ercot.com/files/docs/2015/09/23/ercot_wind_shapes_updates_1997_2013_new_2014.zip,ERCOT_offshore_2004.CSV,804fab5df9654b173dd222e806cf554c0a4f525c8c956b16e027966b2a894d8f,,8784,26352,3,1,"[""2004-01-01"", 0]","[""2004-12-31"", 2300]"
https://www.ercot.com/files/docs/2015/09/23/ercot_wind_shapes_updates_1997_2013_new_2014.zip,ERCOT_offshore_2005.CSV,46e0d3257e9777564c5d59c5019a352d92b5bc03e24c402d92da0ba63032aafa,,8760,26280,3,1,"[""2005-01-01"", 0]","[""2005-12-31"", 2300]"
https://www.ercot.com/files/docs/2015/09/23/ercot_wind_shapes_updates_1997_2013_new_2014.zip,ERCOT_offshore_2006.CSV,ff53ca453dbfd9c6fdb62d02f7d51cac9e9c57eca770209123c8819d5aa7707d,,8760,26280,3,1,"[""2006-01-01"", 0]","[""2006-12-31"", 2300]"
https://www.ercot.com/files/docs/2015/09/23/ercot_wind_shapes_updates_1997_2013_new_2014.zip,ERCOT_offshore_2007.CSV,76a04fd018fca068eaa585d12f454d531b18c0042eb1e244d5e2df638bcba249,,8760,26280,3,1,"[""2007-01-01"", 0]","[""2007-12-31"", 2300]"
https://www.ercot.com/files/docs/2015/09/23/ercot_wind_shapes_updates_1997_2013_new_2014.zip,ERCOT_offshore_2008.CSV,ac4be3970616db7856b6da74f90c45fa72f685c5bfcfb790375358e849afe84f,,8784,26352,3,1,"[""2008-01-01"", 0]","[""2008-12-31"", 2300]"
https://www.ercot.com/files/docs/2015/09/23/ercot_wind_shapes_updates_1997_2013_new_2014.zip,ERCOT_offshore_2009.CSV,ffeba4fa938e910201c4609248c1d0132e8c7d062a60ada26748aec4f8800096,,8760,26280,3,1,"[""2009-01-01"", 0]","[""2009-12-31"", 2300]"
https://www.ercot.com/files/docs/2015/09/23/ercot_wind_shapes_updates_1997_2013_new_2014.zip,ERCOT_offshore_2010.CSV,c4b2185417348dae296f44ea67f09864b872d5124a4cdcd00e3e576b877fa8bf,,8760,26280,3,1,"[""2010-01-01"", 0]","[""2010-12-31"", 2300]"
https://www.ercot.com/files/docs/2015/09/23/ercot_wind_shapes_updates_1997_2013_new_2014.zip,ERCOT_offshore_2011.CSV,75b24c2b43a592e25b14dc0373b1827dbb2ba34e3afb139cef7191b28832d2fa,,8760,26280,3,1,"[""2011-01-01"", 0]","[""2011-12-31"", 2300]"
https://www.ercot.com/files/docs/2015/09/23/ercot_wind_shapes_updates_1997_2013_new_2014.zip,ERCOT_offshore_2012.CSV,e03726cbc064772d5870c9727a5058ff5dfc595c7d712e268f526734249d39d4,,8784,26352,3,1,"[""2012-01-01"", 0]","[""2012-12-31"", 2300]"
https://www.ercot.com/files/docs/2015/09/23/ercot_wind_shapes_updates_1997_2013_new_2014.zip,ERCOT_offshore_2013.CSV,45ca995bed40902bacd2bdd50f9229c0c8dc0bcb3ed0afc24bc220aa4cbc505c,,8754,26262,3,1,"[""2013-01-01"", 0]","[""2013-12-31"", 1700]"
https://www.ercot.com/files/docs/2015/09/23/ercot_wind_shapes_updates_1997_2013_new_2014.zip,ERCOT_offshore_2014.CSV,7aaab2e55bc89bee2414bbb73f62ecb17cc04f6915823d5c96f6cd0ae8cf9562,,8754,26262,3,1,"[""2014-01-01"", 0]","[""2014-12-31"", 1700]"
https://www.ercot.com/files/docs/2015/09/23/ercot_wind_shapes_updates_1997_2013_new_2014.zip,ERCOT_onshore_1997.CSV,e396ed5fae19e5262ab6c3e368b4f9da26bc873f72c671bbe47468e8a8855cf0,,17514,1997262,228,2,"[""1997-01-01"", 0]","[""1997-12-31"", 2300]"
https://www.ercot.com/files/docs/2015/09/23/ercot_wind_shapes_updates_1997_2013_new_2014.zip,ERCOT_onshore_1998.CSV,9ce23c4328f0c78a404d581fc7b13c8c8a344fc5c0def3ad258be1a0183d2d36,,17514,1997262,228,2,"[""1998-01-01"", 0]","[""1998-12-31"", 2300]"
https://www.ercot.com/files/docs/2015/09/23/ercot_wind_shapes_updates_1997_2013_new_2014.zip,ERCOT_onshore_1999.CSV,e76b6240cdfb817b4a2915497d195aab39f109091633115d2b45eb2857f58c0a,,17514,1997262,228,2,"[""1999-01-01"", 0]","[""1999-12-31"", 2300]"
https://www.ercot.com/files/docs/2015/09/23/ercot_wind_shapes_updates_1997_2013_new_2014.zip,ERCOT_onshore_2000.CSV,4fb9b6dabb871ef039bbfd81990718b22eee53dbd666fb89cd1f5be310a7ee53,,17538,2002662,228,2,"[""2000-01-01"", 0]","[""2000-12-31"", 2300]"
https://www.ercot.com/files/docs/2015/09/23/ercot_wind_shapes_updates_1997_2013_new_2014.zip,ERCOT_onshore_2001.CSV,c698c52d0a9c539eaefb1dd1cd24129fb66eba23396b9b977efdf9dde5423e23,,17514,1997262,228,2,"[""2001-01-01"", 0]","[""2001-12-31"", 2300]"
https://www.ercot.com/files/docs/2015/09/23/ercot_wind_shapes_updates_1997_2013_new_2014.zip,ERCOT_onshore_2002.CSV,cc6d1dee0289855298990fc8e4a87c9db5cd84033c833d019ac9be528fee4ee4,,17514,1997262,228,2,"[""2002-01-01"", 0]","[""2002-12-31"", 2300]"
https://www.ercot.com/files/docs/2015/09/23/ercot_wind_shapes_updates_1997_2013_new_2014.zip,ERCOT_onshore_2003.CSV,d022a88840390192fbbca3a9fd4cd7e74b12b77f8c210f8999af4e8d649640c1,,17514,1997262,228,2,"[""2003-01-01"", 0]","[""2003-12-31"", 2300]"
https://www.ercot.com/files/docs/2015/09/23/ercot_wind_shapes_updates_1997_2013_new_2014.zip,ERCOT_onshore_2004.CSV,cdf539f547caeef3ecff23b8202df789810b6f93d64255823c9b49b8cd21432e,,17538,2002662,228,2,"[""2004-01-01"", 0]","[""2004-12-31"", 2300]"
https://www.ercot.com/files/docs/2015/09/23/ercot_wind_shapes_updates_1997_2013_new_2014.zip,ERCOT_onshore_2005.CSV,8d7766772f88a922e41131263a16393a0e4dc163b2342e650acc9e821bee9037,,17514,1997262,228,2,"[""2005-01-01"", 0]","[""2005-12-31"", 2300]"
https://www.ercot.com/files/docs/2015/09/23/ercot_wind_shapes_updates_1997_2013_new_2014.zip,ERCOT_onshore_2006.CSV,9edf57acfe6a087a9e1775a3c696b11d7141c35d45c6b9dd6ba56da512665f75,,17514,1997262,228,2,"[""2006-01-01"", 0]","[""2006-12-31"", 2300]"
https://www.ercot.com/files/docs/2015/09/23/ercot_wind_shapes_updates_1997_2013_new_2014.zip,ERCOT_onshore_2007.CSV,27a5db568b8757bdd6a7a0bdae83a7ffc44e8052523cd7c9291f9e1355f88f4c,,17514,1997262,228,2,"[""2007-01-01"", 0]","[""2007-12-31"", 2300]"
https://www.ercot.com/files/docs/2015/09/23/ercot_wind_shapes_updates_1997_2013_new_2014.zip,ERCOT_onshore_2008.CSV,a74e1b022a59569b3ac4bab94c5a1fd5cff39fd855b4776059e9760ec79bd485,,17538,2002662,228,2,"[""2008-01-01"", 0]","[""2008-12-31"", 2300]"
https://www.ercot.com/files/docs/2015/09/23/ercot_wind_shapes_updates_1997_2013_new_2014.zip,ERCOT_onshore_2009.CSV,6c8b1809992abc19b5564c6858fae541fe6d39876cc2df0e62156577710e04e9,,17514,1997262,228,2,"[""2009-01-01"", 0]","[""2009-12-31"", 2300]"
https://www.ercot.com/files/docs/2015/09/23/ercot_wind_shapes_updates_1997_2013_new_2014.zip,ERCOT_onshore_2010.CSV,7402e83b37682d648d299de2c16c0b7b31c7a8da54cc8cd250daf3c610886de8,,17514,1997262,228,2,"[""2010-01-01"", 0]","[""2010-12-31"", 2300]"
https://www.ercot.com/files/docs/2017/02/17/2015_Wind_Profiles.zip,ERCOT_offshore_2015.CSV,15f852f4efc95fbd3855cc8e42bbcc896766dac09a6881aca047777c131eb6e1,,8760,26280,3,1,"[""2014-12-31"", 1800]","[""2015-12-31"", 1700]"
https://www.ercot.com/files/docs/2017/02/17/2015_Wind_Profiles.zip,ERCOT_onshore_2015.CSV,f0259420cf862fcdf09dc571640b4ea5cef265787f5357d19764efbfa465f104,,8760,1971000,225,1,"[""2014-12-31"", 1800]","[""2015-12-31"", 1700]"
https://www.ercot.com/files/docs/2017/02/17/ERCOT_2014_Profiles.zip,ERCOT_offshore_2014.CSV,7aaab2e55bc89bee2414bbb73f62ecb17cc04f6915823d5c96f6cd0ae8cf9562,True,,,,,,
https://www.ercot.com/files/docs/2017/02/17/ERCOT_2014_Profiles.zip,ERCOT_onshore_2014.CSV,ba8932e72637884040447ca74b286f6db9bd3ee5f716d7a1d7c78215975b4bc5,True,,,,,,
https://www.ercot.com/files/docs/2017/02/17/ERCOT_offshore_1997-2013.zip,ERCOT_offshore_1997.CSV,f215ac08f400752bf8f00e37550e5a3f774a6940394873093ffef3aaa0de5a12,True,,,,,,
https://www.ercot.com/files/docs/2017/02/17/ERCOT_offshore_1997-2013.zip,ERCOT_offshore_1998.CSV,409c99803c74f0748364e503c144f7a3523158831e69bbc5a04ce969f209c118,True,,,,,,
https://www.ercot.com/files/docs/2017/02/17/ERCOT_offshore_1997-2013.zip,ERCOT_offshore_1999.CSV,b75289b17d915a8db8d1274afc1b5f4ed12ef213f63b411fab534a164adccfc6,True,,,,,,
https://www.ercot.com/files/docs/2017/02/17/ERCOT_offshore_1997-2013.zip,ERCOT_offshore_2000.CSV,f0ec45a04f680248ed1f9f43a82edd0a2510b423cf1ca72d26035dcc88691c88,True,,,,,,
https://www.ercot.com/files/docs/2017/02/17/ERCOT_offshore_1997-2013.zip,ERCOT_offshore_2001.CSV,5ca25fae285ef2ea1d84b33b0aaebc8d0682453c4552b978e55c29e63373e283,True,,,,,,
https://www.ercot.com/files/docs/2017/02/17/ERCOT_offshore_1997-2013.zip,ERCOT_offshore_2002.CSV,7123c93bea72ff0f893993a77e69af70b13818bdeaa03fe8e05496ada460b984,True,,,,,,
https://www.ercot.com/files/docs/2017/02/17/ERCOT_offshore_1997-2013.zip,ERCOT_offshore_2003.CSV,5a64806bb888161531ee80d4e086645998d9f4659c8d3d511bc655aa23b68ea1,True,,,,,,
https://www.ercot.com/files/docs/2017/02/17/ERCOT_offshore_1997-2013.zip,ERCOT_offshore_2004.CSV,804fab5df9654b173dd222e806cf554c0a4f525c8c956b16e027966b2a894d8f,True,,,,,,
https://www.ercot.com/files/docs/2017/02/17/ERCOT_offshore_1997-2013.zip,ERCOT_offshore_2005.CSV,46e0d3257e9777564c5d59c5019a352d92b5bc03e24c402d92da0ba63032aafa,True,,,,,,
https://www.ercot.com/files/docs/2017/02/17/ERCOT_offshore_1997-2013.zip,ERCOT_offshore_2006.CSV,ff53ca453dbfd9c6fdb62d02f7d51cac9e9c57eca770209123c8819d5aa7707d,True,,,,,,
https://www.ercot.com/files/docs/2017/02/17/ERCOT_offshore_1997-2013.zip,ERCOT_offshore_2007.CSV,76a04fd018fca068eaa585d12f454d531b18c0042eb1e244d5e2df638bcba249,True,,,,,,
https://www.ercot.com/files/docs/2017/02/17/ERCOT_offshore_1997-2013.zip,ERCOT_offshore_2008.CSV,ac4be3970616db7856b6da74f90c45fa72f685c5bfcfb790375358e849afe84f,True,,,,,,
https://www.ercot.com/files/docs/2017/02/17/ERCOT_offshore_1997-2013.zip,ERCOT_offshore_2009.CSV,ffeba4fa938e910201c4609248c1d0132e8c7d062a60ada26748aec4f8800096,True,,,,,,
https://www.ercot.com/files/docs/2017/02/17/ERCOT_offshore_1997-2013.zip,ERCOT_offshore_2010.CSV,c4b2185417348dae296f44ea67f09864b872d5124a4cdcd00e3e576b877fa8bf,True,,,,,,
https://www.ercot.com/files/docs/2017/02/17/ERCOT_offshore_1997-2013.zip,ERCOT_offshore_2011.CSV,75b24c2b43a592e25b14dc0373b1827dbb2ba34e3afb139cef7191b28832d2fa,True,,,,,,
https://www.ercot.com/files/docs/2017/02/17/ERCOT_offshore_1997-2013.zip,ERCOT_offshore_2012.CSV,e03726cbc064772d5870c9727a5058ff5dfc595c7d712e268f526734249d39d4,True,,,,,,
https://www.ercot.com/files/docs/2017/02/17/ERCOT_offshore_1997-2013.zip,ERCOT_offshore_2013.CSV,45ca995bed40902bacd2bdd50f9229c0c8dc0bcb3ed0afc24bc220aa4cbc505c,True,,,,,,
https://www.ercot.com/files/docs/2017/02/17/ERCOT_onshore_1997-2004.zip,ERCOT_onshore_1997.CSV,e396ed5fae19e5262ab6c3e368b4f9da26bc873f72c671bbe47468e8a8855cf0,True,,,,,,
https://www.ercot.com/files/docs/2017/02/17/ERCOT_onshore_1997-2004.zip,ERCOT_onshore_1998.CSV,9ce23c4328f0c78a404d581fc7b13c8c8a344fc5c0def3ad258be1a0183d2d36,True,,,,,,
https://www.ercot.com/files/docs/2017/02/17/ERCOT_onshore_1997-2004.zip,ERCOT_onshore_1999.CSV,e76b6240cdfb817b4a2915497d195aab39f109091633115d2b45eb2857f58c0a,True,,,,,,
https://www.ercot.com/files/docs/2017/02/17/ERCOT_onshore_1997-2004.zip,ERCOT_onshore_2000.CSV,4fb9b6dabb871ef039bbfd81990718b22eee53dbd666fb89cd1f5be310a7ee53,True,,,,,,
https://www.ercot.com/files/docs/2017/02/17/ERCOT_onshore_1997-2004.zip,ERCOT_onshore_2001.CSV,c698c52d0a9c539eaefb1dd1cd24129fb66eba23396b9b977efdf9dde5423e23,True,,,,,,
https://www.ercot.com/files/docs/2017/02/17/ERCOT_onshore_1997-2004.zip,ERCOT_onshore_2002.CSV,cc6d1dee0289855298990fc8e4a87c9db5cd84033c833d019ac9be528fee4ee4,True,,,,,,
https://www.ercot.com/files/docs/2017/02/17/ERCOT_onshore_1997-2004.zip,ERCOT_onshore_2003.CSV,d022a88840390192fbbca3a9fd4cd7e74b12b77f8c210f8999af4e8d649640c1,True,,,,,,
https://www.ercot.com/files/docs/2017/02/17/ERCOT_onshore_1997-2004.zip,ERCOT_onshore_2004.CSV,cdf539f547caeef3ecff23b8202df789810b6f93d64255823c9b49b8cd21432e,True,,,,,,
https://www.ercot.com/files/docs/2017/02/17/ERCOT_onshore_2005-2013.zip,ERCOT_onshore_2005.CSV,8d7766772f88a922e41131263a16393a0e4dc163b2342e650acc9e821bee9037,True,,,,,,
https://www.ercot.com/files/docs/2017/02/17/ERCOT_onshore_2005-2013.zip,ERCOT_onshore_2006.CSV,9edf57acfe6a087a9e1775a3c696b11d7141c35d45c6b9dd6ba56da512665f75,True,,,,,,
https://www.ercot.com/files/docs/2017/02/17/ERCOT_onshore_2005-2013.zip,ERCOT_onshore_2007.CSV,27a5db568b8757bdd6a7a0bdae83a7ffc44e8052523cd7c9291f9e1355f88f4c,True,,,,,,
https://www.ercot.com/files/docs/2017/02/17/ERCOT_onshore_2005-2013.zip,ERCOT_onshore_2008.CSV,a74e1b022a59569b3ac4bab94c5a1fd5cff39fd855b4776059e9760ec79bd485,True,,,,,,
https://www.ercot.com/files/docs/2017/02/17/ERCOT_onshore_2005-2013.zip,ERCOT_onshore_2009.CSV,6c8b1809992abc19b5564c6858fae541fe6d39876cc2df0e62156577710e04e9,True,,,,,,
https://www.ercot.com/files/docs/2017/02/17/ERCOT_onshore_2005-2013.zip,ERCOT_onshore_2010.CSV,7402e83b37682d648d299de2c16c0b7b31c7a8da54cc8cd250daf3c610886de8,True,,,,,,
https://www.ercot.com/files/docs/2017/02/17/ERCOT_onshore_2005-2013.zip,ERCOT_onshore_2011.CSV,9ba7098e5925ef31a35f7eca6b215d30905b71099ca89a35e3cc0f942e49f088,True,,,,,,
https://www.ercot.com/files/docs/2017/02/17/ERCOT_onshore_2005-2013.zip,ERCOT_onshore_2012.CSV,be8afea517147cef150b6c623baaab0c7c89cfd59e27eb83dfd8e8a921f12870,True,,,,,,
https://www.ercot.com/files/docs/2017/02/17/ERCOT_onshore_2005-2013.zip,ERCOT_onshore_2013.CSV,196261b7465a280ed7cf83ad9b1a2b39d7d91e3e2fd338e12d4a830b3bb43a04,True,,,,,,
https://www.ercot.com/files/docs/2018/01/30/ERCOT_WindProfiles_2016.zip,ERCOT_offshore_20151231-20161231.CSV,65c461f16af6201b93e5f1f624d6962f89c38285383501aca49dda565ce99ebd,,8790,26370,3,1,"[""2015-12-31"", 1800]","[""2016-12-31"", 2300]"
https://www.ercot.com/files/docs/2018/01/30/ERCOT_WindProfiles_2016.zip,ERCOT_onshore_20151231-20161231.CSV,2f017555169c66fde17297154a1c546b2d06f6cfc35e2ffc5fcaa9191d626e72,,8790,1977750,225,1,"[""2015-12-31"", 1800]","[""2016-12-31"", 2300]"
